Zip,median_income,mean_income
89010,35000,45226
89019,37632,49179
89060,40726,52416
89061,55096,70373
89439,59275,122256
90001,34050,43105
90002,30214,40149
90003,30016,37946
90004,38493,70614
90005,31214,45746
90006,31403,38571
90007,22646,34786
90008,36180,54676
90010,47308,71900
90011,29889,38184
90012,29492,50578
90013,21120,46275
90014,17134,45048
90015,28953,57542
90016,38050,52565
90017,21009,41525
90018,32104,45033
90019,43244,68070
90020,37121,58386
90021,12748,34130
90022,39051,47740
90023,37082,44611
90024,59125,120091
90025,71278,96182
90026,46435,66991
90027,50316,76505
90028,31742,46269
90029,35253,46402
90031,34656,49579
90032,45208,57413
90033,27190,38191
90034,56743,75959
90035,75327,107746
90036,71049,96905
90037,26638,36300
90038,33850,52194
90039,67170,92533
90040,44531,53003
90041,64545,86376
90042,51427,65518
90043,38738,61891
90044,28344,39651
90045,78082,105127
90046,56337,97400
90047,40528,52939
90048,72913,113377
90049,116732,205686
90056,76688,124785
90057,26940,35464
90058,15988,25663
90059,33678,44318
90061,34566,42597
90062,32067,42231
90063,39206,47620
90064,86573,132820
90065,52794,75491
90066,68346,94927
90067,89500,197433
90068,73373,126162
90069,78607,132782
90077,172443,277066
90089,10625,10560
90094,96010,135984
90201,37013,45078
90210,138750,296809
90211,69942,111936
90212,84516,139654
90220,45474,54991
90221,42753,52984
90222,40056,47370
90230,73786,97441
90232,71316,100937
90240,71939,93374
90241,56059,70741
90242,57095,67871
90245,84004,105321
90247,42968,56677
90248,51956,67133
90249,50996,71028
90250,45766,60157
90254,105029,154587
90255,35985,45976
90260,51769,63516
90262,42057,52829
90265,124814,217124
90266,142071,204794
90270,36450,46262
90272,157938,289114
90274,156250,220301
90275,120742,149317
90277,99398,125718
90278,104934,123439
90280,43526,53782
90290,106750,149419
90291,81025,124459
90292,103319,135833
90293,84588,118181
90301,37813,47170
90302,41187,56911
90303,40807,54446
90304,36778,46978
90305,62558,80812
90401,60802,88564
90402,131607,238528
90403,72366,106866
90404,65035,81474
90405,78756,110496
90501,59878,77631
90502,62533,74521
90503,77047,94468
90504,75180,87783
90505,82313,99336
90601,70841,86573
90602,47622,65044
90603,87251,100025
90604,65640,76592
90605,66706,83460
90606,63833,72771
90620,80278,89099
90621,56219,75431
90623,83767,103356
90630,84051,100155
90631,66553,87155
90638,79858,95230
90640,47436,62754
90650,60523,71355
90660,56607,66651
90670,51935,68537
90680,47796,61612
90701,60544,73512
90703,90613,111018
90704,55882,83987
90706,49360,63116
90710,54630,70423
90712,78175,88597
90713,87095,97830
90715,64701,76740
90716,39055,47394
90717,56245,70464
90720,95631,122321
90723,43784,52353
90731,49786,67014
90732,84537,98492
90740,53677,88484
90742,88971,145600
90743,106458,135684
90744,41578,55904
90745,71757,80960
90746,75031,86989
90755,67878,83406
90802,44984,62842
90803,72025,108354
90804,44629,56166
90805,45197,58488
90806,43785,58296
90807,72276,93758
90808,96824,110523
90810,49087,61717
90813,31215,42309
90814,55111,81057
90815,79525,97859
91001,85655,118749
91006,84021,119292
91007,72255,96308
91008,98315,160885
91010,60118,74840
91011,152210,219463
91016,72168,93824
91020,67652,81363
91024,90780,119412
91030,80479,113568
91040,70830,87305
91042,57640,74090
91046,17981,17747
91101,58365,73591
91103,59099,92191
91104,70811,96386
91105,108882,161564
91106,72192,113384
91107,84761,113039
91108,120152,217572
91201,50526,69778
91202,63111,85914
91203,44724,62055
91204,39753,51886
91205,37414,51194
91206,52077,77325
91207,88929,121654
91208,88955,116386
91210,157879,180082
91214,89849,107072
91301,109913,141169
91302,121715,191348
91303,46187,58424
91304,58361,77853
91306,60959,73703
91307,98655,118384
91311,80279,102051
91316,62016,99558
91320,106365,136527
91321,57654,80729
91324,58993,82642
91325,57883,82249
91326,98831,118143
91331,51345,59474
91335,51398,66052
91340,55217,65159
91342,60899,71589
91343,55238,74660
91344,77247,95283
91345,60148,73210
91350,97921,109832
91351,70858,85194
91352,49088,62920
91354,111098,126308
91355,89596,107052
91356,69148,113606
91360,91617,111912
91361,103306,152736
91362,100747,133349
91364,93919,120906
91367,77152,105267
91377,117326,159512
91381,114608,143539
91384,102273,109234
91387,82076,98088
91390,105659,123443
91401,48994,69178
91402,39009,50888
91403,75334,123916
91405,38162,53066
91406,50381,65349
91411,43758,61212
91423,75671,118482
91436,128060,197015
91501,62500,76123
91502,40208,53465
91504,71296,90321
91505,77679,90446
91506,70408,88152
91601,47202,63079
91602,63544,92042
91604,90528,135627
91605,43707,56927
91606,42195,56174
91607,52274,82014
91701,76994,96215
91702,54769,67355
91706,51234,61521
91708,118750,115282
91709,97609,114009
91710,71825,84861
91711,89508,114404
91722,63740,76522
91723,60532,72538
91724,75420,91842
91730,61952,73596
91731,36955,48814
91732,41485,55288
91733,40930,53519
91737,98407,113481
91739,100049,117103
91740,67048,78412
91741,81250,109502
91744,57789,67621
91745,76447,94987
91746,59502,68595
91748,60896,84765
91750,76912,96564
91752,62372,75328
91754,56767,77393
91755,52517,70318
91759,46250,70523
91761,61270,71968
91762,50707,58917
91763,49056,60603
91764,51060,59153
91765,90966,108442
91766,48896,62257
91767,49206,60582
91768,47177,58666
91770,47078,61584
91773,78501,96825
91775,84620,105158
91776,48302,65556
91780,63045,81525
91784,95975,119186
91786,51105,62178
91789,93509,111755
91790,66057,75948
91791,70841,92675
91792,66848,78375
91801,51225,66583
91803,56632,72896
91901,81379,101688
91902,88926,109004
91905,63722,62564
91906,58353,77780
91910,54640,69240
91911,48891,62027
91913,84741,91474
91914,110343,134696
91915,99606,105444
91916,61296,79486
91917,66932,61767
91931,24032,27157
91932,48117,58582
91934,45625,63422
91935,93092,118122
91941,71661,95736
91942,52354,70046
91945,52376,62071
91950,39533,51890
91962,100398,96119
91963,39622,52624
91977,60124,71547
91978,66483,78780
91980,200325,139207
92003,69205,102331
92004,36500,42433
92007,93889,128815
92008,66000,89375
92009,102212,125138
92010,95806,106553
92011,102030,118414
92014,114777,175562
92019,74797,89035
92020,49851,66374
92021,50035,64066
92024,92402,121259
92025,45433,70850
92026,53820,70363
92027,53473,68090
92028,57223,81736
92029,68108,94440
92036,51667,64913
92037,95306,153120
92040,64787,77798
92054,50568,67684
92055,48147,35731
92056,63728,77361
92057,64976,82200
92058,46655,57018
92059,66417,97219
92060,104125,160358
92061,68333,118471
92064,96297,121582
92065,77361,92982
92066,43295,48259
92067,119939,180604
92069,52457,68969
92070,43333,55322
92071,74393,85127
92075,90833,140076
92078,55530,74372
92081,54565,68650
92082,79348,91559
92083,46073,57620
92084,50401,68789
92086,33375,50552
92091,94318,150042
92101,52314,82901
92102,41575,57357
92103,65793,91871
92104,48733,66390
92105,36893,47349
92106,81973,124368
92107,66825,89277
92108,65297,74443
92109,67025,91344
92110,60920,77981
92111,55635,73545
92113,28185,40649
92114,57287,67323
92115,42828,60008
92116,54966,73642
92117,65319,81762
92118,90876,120886
92119,70261,83236
92120,79895,104153
92121,103598,123536
92122,71307,91777
92123,71911,84960
92124,80625,98875
92126,85707,96782
92127,123459,152720
92128,90298,105088
92129,109267,123461
92130,131166,171029
92131,119924,144951
92139,59679,68146
92145,228587,283786
92154,60162,70459
92173,35745,44968
92201,40024,54675
92203,68027,90720
92210,83269,143700
92211,57557,86878
92220,39917,51988
92223,64738,78308
92225,43638,56774
92227,42711,57536
92230,40079,41033
92231,34733,48548
92233,32328,48181
92234,43170,58305
92236,40897,49400
92239,55750,53484
92240,35315,43719
92241,34896,46631
92242,26667,42309
92243,42206,59479
92249,53054,56074
92250,43264,58887
92251,76526,81488
92252,39409,53462
92253,71697,100179
92254,26491,35501
92256,32045,47133
92257,18220,35235
92258,25707,30474
92259,21912,21900
92260,50309,79084
92262,46519,70835
92264,43703,68722
92266,31296,28719
92268,41964,61961
92270,71688,122086
92273,26852,40904
92274,27890,40342
92275,19375,34088
92276,43917,53239
92277,37316,48927
92278,59728,72626
92281,32054,38442
92282,34063,38635
92283,29511,42068
92284,42517,52302
92285,29362,43920
92301,34537,40052
92305,62109,64233
92307,57124,76921
92308,43345,58115
92309,36838,43468
92310,49928,60089
92311,45889,54714
92313,64140,78604
92314,46518,57820
92315,41202,67308
92316,48788,57736
92320,42212,58520
92321,64612,74141
92322,37188,80200
92324,41278,55263
92325,47394,56453
92327,35603,34640
92328,34750,37818
92333,38229,61571
92335,43092,52398
92336,87425,94788
92337,69966,77195
92339,45147,80621
92341,14848,32899
92342,66775,71287
92344,69171,80558
92345,42323,53860
92346,59995,77813
92347,69702,71221
92352,72479,89850
92354,63871,85339
92356,33582,45309
92358,71000,69412
92359,53807,66186
92363,32710,45326
92364,102500,101194
92365,55169,54651
92368,33125,47849
92371,50744,60390
92372,43036,68707
92373,63948,93601
92374,66590,81166
92376,44965,54262
92377,80130,90306
92378,68636,58080
92382,66875,70770
92384,80729,66518
92385,100380,93938
92386,34783,42707
92389,12000,20747
92391,37150,54322
92392,56277,63840
92394,51500,57268
92395,38709,51734
92397,54000,69681
92398,63750,71781
92399,59302,76103
92401,16649,24379
92404,38767,49951
92405,37591,46496
92407,51702,63939
92408,33750,49345
92410,27120,36115
92411,32747,42654
92501,48610,58229
92503,55051,69740
92504,57052,70597
92505,55947,66310
92506,78116,102260
92507,41051,52677
92508,92684,110233
92509,57286,69071
92518,68261,84260
92530,49552,63273
92532,87361,92861
92536,44010,54429
92539,38853,48577
92543,27163,35876
92544,42084,58509
92545,40119,54090
92548,39464,49932
92549,60625,67987
92551,50449,62845
92553,42984,52000
92555,73352,83012
92557,60655,72388
92561,78630,84769
92562,75448,95175
92563,77105,86172
92567,55069,66017
92570,42698,54440
92571,51116,57277
92582,58262,68875
92583,39528,49962
92584,75928,85523
92585,63413,71789
92586,36394,47335
92587,68620,81969
92590,49423,96793
92591,70380,83076
92592,89541,99184
92595,61525,73887
92596,85914,94796
92602,104149,137199
92603,120686,172636
92604,91180,111720
92606,90228,117358
92610,120984,136521
92612,67039,89633
92614,95984,110865
92617,41536,74019
92618,97470,111625
92620,102160,123029
92624,71469,107955
92625,125735,204456
92626,80132,98905
92627,57708,79361
92629,88384,120701
92630,84785,102608
92637,36737,52916
92646,87110,107632
92647,74637,89029
92648,85857,125615
92649,86469,118345
92651,98697,160610
92653,92806,130842
92655,45568,58360
92656,101292,118220
92657,163486,249006
92660,112008,176409
92661,93099,171679
92662,82857,152784
92663,86967,127185
92672,75411,106293
92673,125629,155511
92675,72465,112733
92676,84750,120995
92677,98264,132737
92678,84250,115284
92679,149538,188265
92683,53559,72525
92688,100694,114735
92691,93713,109084
92692,102045,119235
92694,137122,169646
92701,39060,49852
92703,50047,65306
92704,59412,71098
92705,82675,125497
92706,58500,78309
92707,57038,71601
92708,82005,99420
92780,64089,79919
92782,102755,122153
92801,47672,62069
92802,51365,64771
92804,52408,66065
92805,54422,67385
92806,62828,78955
92807,94697,115405
92808,110964,142298
92821,80163,95676
92823,124712,127387
92831,57333,75727
92832,58853,71959
92833,67019,87206
92835,92397,128030
92840,61934,76058
92841,53059,69673
92843,52536,66755
92844,48345,60459
92845,89026,101217
92860,85361,101390
92861,150864,196344
92865,85251,94307
92866,62589,74168
92867,78072,105800
92868,63610,77303
92869,88160,113816
92870,80037,95731
92879,62677,72998
92880,101303,111159
92881,94196,113924
92882,71793,85393
92883,93917,108660
92886,110054,138016
92887,126984,155487
93001,54945,75572
93003,69616,85119
93004,76027,90942
93010,86505,106016
93012,93523,117269
93013,68884,90007
93015,56567,68988
93021,99537,119731
93022,73433,91271
93023,64843,97371
93030,57860,73709
93033,55210,67253
93035,83038,101062
93036,65701,78290
93040,45877,57803
93041,52371,64926
93060,54782,69207
93063,83974,98508
93065,94173,116954
93066,75380,141327
93067,75862,117542
93101,54945,71512
93103,67383,102371
93105,81308,114888
93108,125272,215858
93109,99638,140440
93110,75915,113367
93111,94933,117326
93117,55801,76217
93201,27938,40198
93202,38733,41188
93203,35429,43044
93204,29302,37227
93205,20349,32326
93206,41488,52615
93207,34750,46917
93208,88750,92252
93210,50290,65372
93212,34565,44866
93215,36321,47762
93218,24118,40947
93219,23458,31265
93221,48470,70908
93222,45551,63215
93223,32273,43788
93224,42273,60371
93225,44111,62191
93226,58854,75639
93230,53008,69056
93234,29304,37136
93235,32783,36673
93238,58012,74212
93239,61319,60341
93240,26054,44656
93241,31886,41754
93242,40109,53453
93243,60724,55941
93244,36406,46427
93245,51280,68534
93247,34505,51036
93249,33011,39007
93250,34961,41705
93251,40179,53791
93252,31771,55196
93254,32750,40545
93255,29030,45350
93256,27361,40996
93257,39551,54157
93258,20896,36518
93260,24375,43077
93261,29005,38417
93263,40833,54530
93265,60587,71717
93266,24122,31857
93267,33162,49267
93268,46615,60839
93270,27807,44083
93271,43913,67093
93272,34505,47739
93274,45591,60145
93276,45313,53360
93277,51056,67670
93280,39206,47859
93283,29848,37896
93285,31144,48750
93286,41579,52804
93287,65735,63687
93291,50833,70952
93292,51341,63520
93301,30963,47699
93304,35150,46618
93305,29812,42870
93306,52203,69249
93307,34358,44473
93308,41737,61034
93309,47369,62256
93311,87720,109372
93312,93588,107382
93313,64803,73818
93314,96446,119302
93401,52906,77946
93402,57241,76792
93405,41488,60730
93420,66506,85989
93422,66014,82476
93424,77679,73255
93426,57014,69218
93427,62969,88831
93428,63514,88359
93429,47031,65485
93430,52329,87719
93432,53571,81530
93433,49418,65529
93434,45191,53665
93436,54980,69366
93437,61308,67148
93440,63112,88469
93441,95625,131777
93442,52579,68683
93444,61379,83668
93445,50000,57247
93446,64974,84231
93449,67500,78706
93450,42083,40550
93451,54205,76628
93452,34769,54343
93453,51520,76371
93454,52564,70174
93455,72212,86337
93458,43803,57662
93460,91737,129510
93461,59738,79000
93463,66771,91483
93465,83194,99445
93501,32897,42012
93505,57731,63190
93510,89403,103269
93512,26000,29826
93513,47833,62050
93514,51250,64141
93516,30708,39834
93517,60139,56712
93518,28005,42556
93519,28285,26427
93523,53456,60739
93526,51250,61024
93527,52123,81915
93528,13906,18773
93529,50595,53503
93530,11250,16331
93531,66983,67239
93532,54769,64683
93534,35600,46557
93535,42835,52895
93536,70724,83249
93541,53750,57603
93543,57588,65960
93544,52000,101438
93545,31912,51290
93546,65156,75198
93549,42237,55481
93550,38502,50551
93551,85200,97976
93552,56738,65658
93553,48063,62547
93554,26813,44777
93555,62533,73073
93558,25486,58061
93560,56875,66162
93561,60513,72505
93562,30478,52376
93563,67917,77955
93591,39880,52823
93601,61466,82098
93602,59125,68808
93603,51250,59949
93604,50455,67485
93605,82917,85287
93606,16154,28849
93608,31111,38963
93609,43322,54487
93610,39051,54017
93611,77930,93406
93612,37207,48099
93614,50858,73366
93615,25327,35149
93616,31250,44217
93618,38269,48500
93619,104557,131344
93620,34869,45823
93621,31544,46708
93622,32125,46462
93623,24009,28003
93624,33600,38372
93625,42250,68537
93626,26958,78019
93628,66679,75263
93630,42303,54242
93631,58381,75797
93635,45056,57279
93636,75160,89819
93637,49121,59819
93638,36890,48128
93640,25741,31519
93641,42222,104882
93643,48617,56184
93644,44223,56917
93645,93529,186166
93646,27914,40231
93647,32898,42973
93648,32175,42888
93650,31818,39332
93651,90179,85769
93652,22917,36407
93653,46121,73867
93654,47882,61507
93656,45485,53824
93657,49785,62969
93660,26223,36439
93662,43442,55535
93664,96563,109889
93665,33813,42675
93666,24276,33829
93667,53385,69433
93668,38665,38925
93669,6827,27903
93673,38359,52030
93675,63105,61586
93701,18553,25577
93702,26031,34130
93703,28406,37194
93704,48461,67622
93705,32635,42514
93706,29197,42258
93710,42844,59348
93711,63934,91495
93720,77092,91186
93721,11922,25445
93722,54381,64965
93723,69055,87967
93725,35635,45052
93726,32471,42033
93727,46394,60353
93728,32658,43313
93730,120672,136685
93901,49491,64958
93905,42807,52990
93906,55082,71053
93907,68078,82320
93908,113826,138500
93920,57670,103124
93921,62230,86748
93923,98219,145965
93924,92137,131153
93925,60000,86248
93926,51044,58669
93927,52233,62235
93928,77250,79978
93930,42454,61482
93932,94712,105667
93933,53955,68256
93940,67716,86951
93950,70230,100983
93953,102396,148581
93954,43750,50211
93955,52420,67663
93960,47098,66874
93962,80288,90370
94002,105985,139428
94005,80233,99121
94010,118125,205494
94014,71668,86774
94015,78564,92264
94019,103378,140765
94020,92356,113124
94021,93810,80440
94022,182750,267228
94024,167546,243111
94025,119095,183416
94027,236912,413643
94028,180174,326335
94030,92006,116443
94037,147568,141656
94038,81622,118733
94040,101912,134299
94041,88810,125983
94043,100844,126857
94044,96719,117957
94060,60089,76404
94061,81907,107395
94062,126557,198310
94063,54003,74698
94065,132462,160999
94066,81369,98955
94070,125335,155390
94074,153269,128758
94080,78378,94269
94085,92489,108196
94086,100215,119113
94087,122354,151143
94089,88797,100228
94102,24127,54084
94103,41612,77778
94104,80341,183221
94105,170656,239576
94107,120610,150643
94108,36875,79920
94109,63173,98555
94110,84488,120535
94111,103472,144931
94112,71505,89891
94114,122970,162941
94115,85330,130880
94116,84828,122711
94117,103333,132201
94118,82993,129860
94121,70220,103075
94122,86070,107270
94123,121200,162400
94124,49594,69757
94127,131108,165186
94129,144886,199685
94130,38077,55520
94131,100114,133206
94132,66607,90581
94133,53150,93326
94134,60230,78844
94158,83542,112612
94301,134907,219223
94303,89464,130563
94304,101932,156870
94305,51976,121312
94306,111602,161209
94401,72279,93056
94402,115807,161200
94403,95189,120472
94404,114779,140784
94501,70935,94830
94502,105480,141299
94503,81918,97213
94505,111833,123272
94506,176241,210482
94507,163219,224126
94508,72411,92126
94509,54372,68049
94510,89500,110427
94511,36845,60090
94512,64583,99255
94513,89607,103228
94514,51992,72319
94515,62182,89022
94516,100750,106461
94517,121367,147801
94518,73040,89768
94519,67607,83166
94520,47656,61093
94521,84819,101516
94523,81685,105603
94525,81667,93088
94526,128802,170639
94528,162328,295456
94530,87598,106078
94531,88693,99194
94533,56973,69359
94534,91882,110187
94535,53389,62015
94536,92107,109679
94538,87652,101927
94539,144152,162830
94541,57895,71243
94542,80327,107739
94544,59699,74143
94545,71723,89818
94546,75500,91969
94547,100204,111826
94548,85000,84758
94549,137344,181992
94550,102952,124896
94551,98321,114751
94552,132826,161370
94553,76669,94815
94555,114603,132150
94556,133088,172786
94558,72720,97109
94559,58363,80345
94560,86521,98373
94561,77706,89900
94563,166147,233460
94564,74283,93608
94565,55865,69930
94566,120401,146282
94567,58643,83718
94568,113616,129133
94569,94420,98170
94571,61563,71777
94572,68701,83039
94573,61310,70076
94574,81788,126457
94576,40341,53989
94577,64660,80827
94578,49095,61664
94579,75481,86079
94580,71177,81917
94582,138371,163275
94583,121948,136328
94585,70721,81550
94586,85000,144553
94587,82564,99892
94588,127684,147715
94589,56154,65881
94590,40826,54120
94591,73870,87782
94592,107660,124655
94595,58659,89302
94596,78856,103959
94597,88012,108107
94598,121337,150504
94599,66136,107534
94601,39601,51791
94602,68813,100559
94603,40962,53728
94605,57610,75229
94606,37288,50997
94607,34192,56699
94608,55959,76138
94609,56378,74010
94610,73850,111780
94611,107577,161008
94612,30879,50381
94618,123575,169873
94619,78676,106199
94621,30528,40552
94702,59628,79491
94703,58613,84106
94704,30997,54872
94705,96537,158040
94706,81746,104566
94707,136331,177790
94708,145610,188010
94709,59150,82969
94710,60952,80071
94801,38856,57718
94803,76232,99060
94804,49541,64259
94805,66079,76557
94806,52173,64685
94901,76909,116010
94903,86196,121490
94904,102237,194776
94920,132486,230461
94922,28556,39763
94923,77305,124717
94924,73621,132027
94925,113279,160770
94928,57484,68477
94929,44417,63925
94930,93049,124175
94931,64625,82139
94933,71667,106676
94937,51921,95881
94938,96281,97586
94939,93750,153735
94940,28958,40076
94941,121209,182943
94945,83638,116777
94946,113281,157385
94947,81879,110528
94949,74009,118749
94950,21333,46134
94951,93389,122684
94952,75221,96243
94954,81980,91931
94956,38750,89339
94957,187857,295529
94960,108295,155289
94963,79485,110849
94964,106333,112517
94965,89715,133894
94970,107768,101594
94971,42500,75425
94973,88750,124476
95002,73333,86954
95003,83902,105770
95004,67188,104624
95005,69872,91225
95006,75510,93490
95007,149821,161774
95008,88987,108912
95010,55833,83368
95012,52015,60579
95014,130961,156922
95017,67031,83352
95018,72161,97045
95019,38491,57580
95020,82748,101213
95023,69678,84388
95030,154107,226671
95032,120893,163800
95033,126397,164545
95035,98899,113718
95037,95435,128208
95039,42708,59185
95041,120208,86823
95043,62500,83500
95045,55250,72889
95046,108205,143593
95050,69341,92298
95051,101292,117344
95053,133333,190577
95054,116855,132040
95060,62365,89515
95062,62253,79638
95064,60536,69943
95065,86031,113591
95066,108919,124681
95070,167386,221074
95073,80133,100404
95075,60556,90016
95076,56671,73614
95110,68693,92693
95111,57047,70907
95112,49454,73322
95113,61500,86036
95116,47413,63096
95117,67718,90416
95118,90984,110480
95119,103319,113880
95120,152721,175955
95121,85514,105817
95122,57470,66654
95123,90881,105536
95124,106660,129024
95125,102479,139638
95126,72877,97449
95127,70692,91143
95128,70096,97982
95129,107493,132211
95130,98990,118626
95131,108366,124278
95132,98026,110517
95133,72459,87410
95134,114757,122679
95135,128654,142359
95136,87500,107375
95138,145505,184867
95139,98400,112318
95140,166750,143831
95148,107324,125133
95202,15023,24659
95203,37264,49248
95204,43372,56797
95205,33357,42772
95206,42404,52964
95207,38563,53682
95209,72218,83139
95210,38510,49616
95212,59965,79426
95215,40753,60264
95219,75309,104686
95220,60899,98493
95222,51927,65598
95223,62056,73636
95224,20179,27086
95225,19922,40055
95227,99167,160114
95228,61250,81324
95230,46250,83150
95231,36167,40247
95232,58500,83197
95233,50446,54607
95236,76542,94969
95237,46575,64895
95240,40021,58984
95242,64355,84287
95245,62424,80019
95246,39110,56357
95247,48287,78746
95248,21429,30088
95249,41458,52752
95251,78558,75905
95252,62384,74652
95254,72120,115809
95255,36678,43037
95257,45509,58927
95258,72452,92352
95301,48488,69835
95303,44792,73303
95304,78640,101194
95306,39219,63666
95307,45631,61527
95310,37500,55177
95311,42614,51981
95312,51806,62801
95313,35476,40547
95315,44771,54064
95316,67639,82199
95317,33036,81455
95318,102872,109650
95319,24814,30864
95320,55599,73113
95321,45947,57272
95322,40732,58920
95323,55500,68934
95324,51286,79759
95326,54366,76061
95327,44902,57050
95328,41103,47079
95329,58191,72187
95330,63248,70104
95333,42366,55202
95334,50740,64092
95335,33309,51508
95336,56885,70185
95337,66711,80007
95338,47692,63439
95340,49688,67091
95341,32233,45442
95345,41042,65614
95346,49708,59134
95348,40903,57041
95350,40461,56835
95351,34732,43686
95354,36254,54838
95355,56646,72845
95356,65208,90024
95357,53235,64936
95358,49567,63921
95360,42213,49939
95361,57652,76088
95363,53466,68241
95365,32319,45301
95366,75300,96226
95367,59056,69247
95368,72939,77769
95369,48510,65557
95370,48912,64511
95372,79457,77462
95374,44000,67110
95376,62262,75222
95377,96860,107833
95379,54792,63207
95380,39743,53597
95382,64874,78471
95383,42299,64047
95385,37631,46425
95386,47868,59080
95387,28472,41771
95388,42677,54592
95389,45588,63499
95391,107095,103889
95401,52813,69272
95403,63029,80799
95404,67001,93206
95405,72156,88638
95407,53652,64170
95409,65425,84489
95410,37703,46026
95412,51875,64493
95415,34643,40445
95417,71301,72011
95420,51618,65144
95421,58289,76922
95422,25934,36011
95423,27379,39248
95425,57400,75386
95426,66750,70564
95427,21410,42213
95428,32782,46989
95429,73125,80448
95432,32431,44002
95436,53368,65433
95437,38276,60353
95439,73542,77998
95441,59545,80347
95442,64712,95525
95443,15529,21500
95444,72607,65592
95445,36201,57269
95446,43564,62358
95448,62076,98192
95449,37321,51418
95450,51389,74765
95451,45392,58782
95452,78114,152543
95453,45299,60817
95454,36196,48349
95456,38750,46924
95457,42829,53656
95458,20980,31518
95459,43594,58050
95460,49470,70631
95461,52143,65383
95462,37083,53841
95464,26667,38719
95465,68636,98008
95466,50500,61267
95467,65706,70009
95468,44412,50512
95469,49545,71056
95470,58810,70341
95471,43854,48560
95472,68804,90355
95476,60100,102260
95482,45953,63633
95485,29708,43456
95486,28897,27077
95488,56683,56426
95490,37692,47639
95492,81093,93811
95493,88333,61883
95494,46319,75382
95497,59375,82265
95501,38175,49159
95503,48681,62415
95511,13750,17736
95514,22893,19589
95519,50051,64072
95521,32711,49943
95524,69760,81405
95525,48142,62856
95526,21979,34361
95527,34911,49852
95528,44554,52609
95531,41136,54394
95536,50227,72158
95537,16537,35084
95540,42655,58382
95542,35634,44113
95543,31964,42925
95545,64375,66374
95546,26281,45581
95547,56081,67422
95548,26058,41517
95549,56607,68090
95550,44333,45974
95551,45729,55812
95552,34583,37590
95553,41393,56559
95554,23750,31306
95555,33125,60200
95556,48839,45868
95558,36000,58290
95559,22904,20481
95560,29913,41218
95562,40181,61091
95563,40500,52277
95564,53056,63264
95565,54034,67213
95567,36563,50537
95568,42500,40309
95569,31932,38738
95570,50500,59068
95571,93393,73777
95573,35607,35646
95585,26518,37153
95587,114542,133354
95589,43295,82283
95595,35750,48058
95601,43036,68780
95602,63721,83246
95603,56049,78796
95605,38255,51485
95607,69702,69250
95608,55256,81277
95610,50536,62707
95612,53194,71398
95614,90903,98969
95615,59028,79903
95616,45332,76392
95618,81471,112862
95619,60660,64346
95620,66291,79720
95621,51827,61841
95623,55878,72305
95624,80233,94794
95625,75163,50774
95626,60579,68310
95627,57664,64666
95628,72739,93067
95629,42545,45642
95630,100308,110975
95631,63901,77031
95632,61255,74427
95633,70938,81960
95634,59844,66020
95635,46827,68176
95636,56250,63900
95637,75750,67890
95638,91518,106728
95639,75556,66468
95640,56696,70196
95641,38750,54519
95642,43981,60342
95645,42576,54789
95646,39375,35513
95648,70820,83591
95650,84133,112719
95651,65114,81260
95652,46667,50319
95653,55000,69562
95655,87738,89226
95658,63604,83969
95659,54444,90952
95660,41615,48392
95661,72459,91868
95662,65122,82188
95663,124375,146975
95664,79327,91213
95665,48940,75185
95666,53281,65622
95667,55710,76129
95668,65938,86097
95669,64479,82627
95670,55656,73433
95672,92464,116655
95673,50854,62473
95674,74583,99457
95675,48285,43305
95677,69583,83766
95678,62969,78136
95679,14073,42685
95681,44464,60115
95682,77416,97841
95683,100139,124427
95684,52292,81430
95685,60648,84945
95686,31438,42913
95687,73684,86715
95688,81860,98645
95689,56875,73583
95690,56101,84725
95691,65769,76510
95692,62043,66398
95693,79121,91182
95694,58517,78496
95695,52274,72518
95697,75714,71977
95698,45769,53419
95699,77188,77396
95701,52841,70005
95703,69750,87307
95709,70417,92484
95713,60720,71911
95714,54327,73270
95715,32361,40162
95717,39167,50779
95720,56667,60061
95722,76389,95436
95726,55996,71409
95728,38690,74239
95735,34063,34691
95736,43355,54003
95742,104167,110615
95746,118919,156131
95747,92678,103146
95757,87782,103522
95758,70003,85452
95762,117700,141009
95765,87100,104568
95776,63750,80082
95811,37672,56461
95814,33373,53078
95815,29721,41896
95816,53002,74529
95817,34845,51261
95818,58272,102313
95819,87156,107599
95820,40730,58746
95821,38777,57022
95822,44392,59578
95823,36731,48898
95824,28447,38606
95825,37382,50785
95826,53648,63180
95827,50528,62249
95828,45439,58074
95829,74530,86326
95830,56250,91065
95831,68679,86788
95832,42228,52495
95833,55827,66934
95834,56651,66965
95835,80449,90479
95837,110236,114488
95838,39481,47801
95841,38464,49941
95842,44542,53989
95843,64773,77545
95864,83467,119937
95901,42319,53895
95903,33173,45602
95910,37663,27542
95912,50764,63128
95914,25200,39224
95915,10481,9471
95916,38636,44950
95917,44500,64524
95918,77583,82852
95919,45871,45101
95920,71063,68726
95922,24722,39534
95926,37296,57868
95928,45906,66866
95932,46453,64550
95934,31892,42989
95935,37461,46109
95936,53214,56287
95937,56394,70359
95938,60750,78977
95939,29063,39416
95941,63529,57562
95942,41888,62589
95943,51908,91472
95945,42778,59847
95946,62180,79460
95947,34500,55225
95948,44423,57916
95949,60459,74953
95950,42273,57586
95951,37500,51563
95953,46392,61112
95954,40545,50622
95955,47031,73453
95956,56923,80647
95957,58438,75478
95959,58913,81266
95960,29250,38894
95961,46441,57094
95962,59832,78308
95963,39485,54363
95965,35220,48236
95966,40775,54643
95968,33100,41297
95969,41982,58737
95970,57639,81451
95971,51869,58334
95973,56541,74503
95975,57969,80240
95977,48500,64255
95979,47500,57093
95982,63816,83281
95983,26250,46094
95987,55355,68955
95988,48443,71774
95991,43165,57109
95993,64034,84048
96001,46422,67470
96002,43657,56008
96003,46497,61144
96006,65625,67125
96007,38907,47481
96008,53419,67982
96009,56563,62451
96010,32500,37076
96011,18750,30589
96013,38089,44849
96014,57917,48966
96015,24205,39803
96016,49732,65107
96017,38438,45577
96019,40455,49576
96020,42433,59543
96021,39756,47163
96022,52154,65463
96023,30710,43058
96024,44583,61712
96025,32721,40770
96027,43430,52089
96028,40781,54389
96029,54688,55629
96031,23542,30529
96032,47625,50091
96033,29306,37351
96034,30500,38139
96035,44028,60316
96037,14688,19075
96038,38889,45582
96039,28750,36643
96040,36429,41289
96041,26827,41960
96044,37727,44833
96046,29952,42755
96047,25662,40899
96048,34191,55645
96049,12404,16980
96050,34464,45439
96051,45268,61631
96052,32634,54579
96054,21875,28196
96055,40747,53809
96056,44348,54743
96057,38500,48788
96058,31058,54035
96059,36447,54242
96061,78750,70142
96062,61488,83058
96063,52500,64912
96064,42627,54590
96065,36875,54991
96067,46318,61679
96068,38750,42336
96069,36310,50151
96071,36875,35003
96073,81328,101166
96074,31250,31653
96075,20972,32002
96076,41042,46129
96080,39288,53486
96084,42619,47146
96085,64219,66219
96086,21838,31132
96087,27727,54122
96088,47440,58019
96090,47679,51977
96091,31917,54692
96092,39013,62466
96093,44554,61032
96094,41772,53531
96096,58889,75557
96097,28953,45278
96101,41016,53959
96103,60268,77734
96104,29048,48257
96105,43971,43018
96106,80313,78844
96107,52279,62010
96109,29659,42078
96110,26771,89141
96111,34688,53121
96112,26250,39710
96113,47644,52424
96114,69688,83811
96115,31250,41263
96116,24625,30887
96117,49063,74873
96118,44250,56256
96119,43750,43775
96120,61157,72336
96121,87596,84298
96122,34945,52489
96123,33333,32658
96124,41522,67297
96125,109545,129023
96126,32500,41193
96128,70781,80342
96130,54527,64628
96132,42500,29868
96133,28261,25935
96134,37235,51487
96136,135076,96402
96137,48950,71353
96140,72204,87844
96141,57212,86443
96142,42857,70953
96143,40340,59048
96145,68887,88887
96146,53250,74270
96148,52841,65040
96150,47500,62684
96161,75172,105535
97635,31477,43666
