,CDSCode,Zip,median_income,mean_income,County,Distrinct,School Name,District Type,School Type,Low Grade,High Grade,Enrollment (K-12),Enrollment (K-12),Free Meal Count (K-12),Percent (%) Eligible Free (K-12),FRPM Count (K-12),Percent (%) Eligible FRPM (K-12),AvgScrRead,AvgScrMath,AvgScrWrite,FreeLunch,ReducedLunch,FullLunch
0,01612340130054,94560.0,86521,98373,Alameda,,Newark Memorial High,Unified School District,High Schools (Public),9,12,1850.0,1850.0,703.0,0.38,838.0,0.452972972972973,486.0,498.0,487.0,0.38,0.072972972972973,0.547027027027027
1,01100170112607,94612.0,30879,50381,Alameda,,Envision Academy for Arts & Technology,County Office of Education (COE),High Schools (Public),9,12,395.0,395.0,186.0,0.470886075949367,186.0,0.470886075949367,397.0,387.0,395.0,0.470886075949367,0.0,0.5291139240506331
2,01611190106401,94501.0,70935,94830,Alameda,,Alameda Science and Technology Institute,Unified School District,Alternative Schools of Choice,9,12,170.0,170.0,39.0,0.229411764705882,52.0,0.305882352941176,562.0,590.0,555.0,0.229411764705882,0.07647058823529398,0.694117647058824
3,01611190130229,94501.0,70935,94830,Alameda,,Alameda High,Unified School District,High Schools (Public),9,12,1746.0,1746.0,320.0,0.183276059564719,396.0,0.22680412371134,543.0,573.0,543.0,0.183276059564719,0.043528064146621,0.7731958762886599
4,01611190132878,94501.0,70935,94830,Alameda,,Encinal High,Unified School District,High Schools (Public),9,12,1052.0,1052.0,371.0,0.352661596958175,447.0,0.42490494296578,483.0,504.0,476.0,0.352661596958175,0.07224334600760501,0.5750950570342199
5,01611190130625,94621.0,30528,40552,Alameda,,Alternatives in Action,Unified School District,High Schools (Public),9,12,161.0,161.0,123.0,0.763975155279503,148.0,0.919254658385093,352.0,350.0,343.0,0.763975155279503,0.15527950310559002,0.08074534161490698
6,01612590108944,94621.0,30528,40552,Alameda,,Lighthouse Community Charter High,Unified School District,High Schools (Public),9,12,262.0,262.0,194.0,0.740458015267176,220.0,0.83969465648855,432.0,483.0,447.0,0.740458015267176,0.09923664122137399,0.16030534351144998
7,01611270130450,94706.0,81746,104566,Alameda,,Albany High,Unified School District,High Schools (Public),9,12,1195.0,1195.0,166.0,0.138912133891213,232.0,0.194142259414226,572.0,599.0,574.0,0.138912133891213,0.055230125523012985,0.805857740585774
8,01611430122697,94710.0,60952,80071,Alameda,,REALM Charter High,Unified School District,High Schools (Public),9,12,361.0,361.0,223.0,0.617728531855956,267.0,0.739612188365651,384.0,360.0,386.0,0.617728531855956,0.12188365650969502,0.260387811634349
9,01611430131177,94704.0,30997,54872,Alameda,,Berkeley High,Unified School District,High Schools (Public),9,12,3182.0,3182.0,804.0,0.25267127592709,934.0,0.293526084223759,583.0,580.0,574.0,0.25267127592709,0.04085480829666899,0.706473915776241
10,01611500132225,94546.0,75500,91969,Alameda,,Castro Valley High,Unified School District,High Schools (Public),9,12,2977.0,2977.0,382.0,0.128317097749412,508.0,0.170641585488747,527.0,556.0,524.0,0.128317097749412,0.042324487739335004,0.829358414511253
11,01611680132746,94608.0,55959,76138,Alameda,,Emery Secondary,Unified School District,High Schools (Public),9,12,191.0,191.0,113.0,0.591623036649215,130.0,0.680628272251309,420.0,433.0,441.0,0.591623036649215,0.08900523560209395,0.31937172774869105
12,01611760130062,94536.0,92107,109679,Alameda,,American High,Unified School District,High Schools (Public),9,12,1985.0,1985.0,303.0,0.15264483627204,368.0,0.185390428211587,573.0,608.0,592.0,0.15264483627204,0.032745591939546986,0.814609571788413
13,01611760138693,94536.0,92107,109679,Alameda,,Washington High,Unified School District,High Schools (Public),9,12,1833.0,1833.0,318.0,0.173486088379705,388.0,0.211674849972722,546.0,587.0,549.0,0.173486088379705,0.03818876159301701,0.788325150027278
14,01611760134270,94538.0,87652,101927,Alameda,,Irvington High,Unified School District,High Schools (Public),9,12,2248.0,2248.0,221.0,0.0983096085409253,288.0,0.128113879003559,590.0,634.0,606.0,0.0983096085409253,0.029804270462633703,0.871886120996441
15,01611760134452,94538.0,87652,101927,Alameda,,John F. Kennedy High,Unified School District,High Schools (Public),9,12,1436.0,1436.0,362.0,0.252089136490251,452.0,0.314763231197772,485.0,509.0,485.0,0.252089136490251,0.062674094707521,0.6852367688022281
16,01611760135244,94539.0,144152,162830,Alameda,,Mission San Jose High,Unified School District,High Schools (Public),9,12,2129.0,2129.0,60.0,0.0281822451855331,72.0,0.0338186942226397,653.0,699.0,671.0,0.0281822451855331,0.005636449037106601,0.9661813057773603
17,01611920108670,94545.0,71723,89818,Alameda,,Leadership Public Schools - Hayward,Unified School District,High Schools (Public),9,12,507.0,507.0,241.0,0.47534516765286,331.0,0.652859960552268,439.0,490.0,443.0,0.47534516765286,0.17751479289940802,0.347140039447732
18,01611920113902,94545.0,71723,89818,Alameda,,Impact Academy of Arts & Technology,Unified School District,High Schools (Public),9,12,468.0,468.0,253.0,0.540598290598291,337.0,0.72008547008547,435.0,451.0,444.0,0.540598290598291,0.17948717948717896,0.27991452991453003
19,01611920135319,94545.0,71723,89818,Alameda,,Mt. Eden High,Unified School District,High Schools (Public),9,12,1935.0,1935.0,1100.0,0.568475452196382,1337.0,0.690956072351421,451.0,471.0,449.0,0.568475452196382,0.12248062015503902,0.309043927648579
20,01611920133629,94541.0,57895,71243,Alameda,,Hayward High,Unified School District,High Schools (Public),9,12,1644.0,1644.0,1057.0,0.64294403892944,1218.0,0.740875912408759,430.0,440.0,433.0,0.64294403892944,0.09793187347931909,0.25912408759124095
21,01613090111799,94541.0,57895,71243,Alameda,,East Bay Arts High,Unified School District,Alternative Schools of Choice,9,12,213.0,213.0,107.0,0.502347417840376,121.0,0.568075117370892,423.0,422.0,418.0,0.502347417840376,0.06572769953051605,0.431924882629108
22,01611920138339,94544.0,59699,74143,Alameda,,Tennyson High,Unified School District,High Schools (Public),9,12,1324.0,1324.0,953.0,0.719788519637462,1078.0,0.814199395770393,424.0,425.0,427.0,0.719788519637462,0.09441087613293098,0.18580060422960698
23,01612000133397,94550.0,102952,124896,Alameda,,Granada High,Unified School District,High Schools (Public),9,12,2017.0,2017.0,291.0,0.14427367377293,354.0,0.175508180466039,544.0,567.0,530.0,0.14427367377293,0.03123450669310901,0.824491819533961
24,01612000134536,94550.0,102952,124896,Alameda,,Livermore High,Unified School District,High Schools (Public),9,12,1771.0,1771.0,348.0,0.196499153020892,430.0,0.242800677583286,543.0,554.0,536.0,0.196499153020892,0.046301524562394,0.757199322416714
25,01612420134668,94587.0,82564,99892,Alameda,,James Logan High,Unified School District,High Schools (Public),9,12,3912.0,3912.0,1246.0,0.318507157464213,1556.0,0.397750511247444,499.0,522.0,494.0,0.318507157464213,0.079243353783231,0.602249488752556
26,01612590100065,94605.0,57610,75229,Alameda,,Oakland Unity High,Unified School District,High Schools (Public),9,12,311.0,311.0,204.0,0.655948553054662,244.0,0.784565916398714,384.0,396.0,399.0,0.655948553054662,0.12861736334405194,0.21543408360128602
27,01612590125161,94605.0,57610,75229,Alameda,,Castlemont High,Unified School District,High Schools (Public),9,12,505.0,505.0,421.0,0.833663366336634,447.0,0.885148514851485,355.0,348.0,351.0,0.833663366336634,0.05148514851485109,0.11485148514851495
28,01612590100701,94606.0,37288,50997,Alameda,,MetWest High,Unified School District,High Schools (Public),9,12,161.0,161.0,110.0,0.683229813664596,128.0,0.795031055900621,418.0,387.0,385.0,0.683229813664596,0.11180124223602494,0.20496894409937905
29,01612590110189,94607.0,34192,56699,Alameda,,McClymonds High,Unified School District,High Schools (Public),9,12,286.0,286.0,235.0,0.821678321678322,253.0,0.884615384615385,355.0,350.0,353.0,0.821678321678322,0.06293706293706303,0.11538461538461497
30,01612590111856,94607.0,34192,56699,Alameda,,American Indian Public High,Unified School District,High Schools (Public),9,12,214.0,214.0,113.0,0.52803738317757,151.0,0.705607476635514,505.0,603.0,514.0,0.52803738317757,0.17757009345794406,0.29439252336448596
31,01612590114868,94607.0,34192,56699,Alameda,,Oakland Charter High,Unified School District,High Schools (Public),9,12,350.0,350.0,234.0,0.668571428571429,280.0,0.8,520.0,583.0,524.0,0.668571428571429,0.131428571428571,0.19999999999999996
32,01612590115238,94601.0,39601,51791,Alameda,,ARISE High,Unified School District,High Schools (Public),9,12,258.0,258.0,205.0,0.794573643410853,233.0,0.903100775193798,359.0,367.0,369.0,0.794573643410853,0.10852713178294504,0.09689922480620194
33,01612590125716,94601.0,39601,51791,Alameda,,Fremont High,Unified School District,High Schools (Public),9,12,811.0,811.0,591.0,0.728729963008631,613.0,0.755856966707768,399.0,398.0,392.0,0.728729963008631,0.02712700369913701,0.24414303329223197
34,01612590115667,94609.0,56378,74010,Alameda,,Oakland International High,Unified School District,Alternative Schools of Choice,9,12,380.0,380.0,338.0,0.889473684210526,353.0,0.928947368421053,308.0,352.0,327.0,0.889473684210526,0.039473684210526994,0.07105263157894703
35,01612590135905,94610.0,73850,111780,Alameda,,Oakland High,Unified School District,High Schools (Public),9,12,1515.0,1515.0,1206.0,0.796039603960396,1331.0,0.878547854785479,414.0,436.0,417.0,0.796039603960396,0.08250825082508306,0.12145214521452097
36,01612590136051,94611.0,107577,161008,Alameda,,Oakland Technical High,Unified School District,High Schools (Public),9,12,2014.0,2014.0,944.0,0.468718967229394,1124.0,0.558093346573982,515.0,520.0,503.0,0.468718967229394,0.08937437934458803,0.441906653426018
37,01612750136515,94611.0,107577,161008,Alameda,,Piedmont High,Unified School District,High Schools (Public),9,12,784.0,784.0,6.0,0.0076530612244898,6.0,0.0076530612244898,621.0,629.0,625.0,0.0076530612244898,0.0,0.9923469387755102
38,01612590137943,94619.0,78676,106199,Alameda,,Skyline High,Unified School District,High Schools (Public),9,12,1845.0,1845.0,1273.0,0.689972899728997,1438.0,0.77940379403794,447.0,446.0,447.0,0.689972899728997,0.08943089430894302,0.22059620596205998
39,01612910137588,94577.0,64660,80827,Alameda,,San Leandro High,Unified School District,High Schools (Public),9,12,2601.0,2601.0,1258.0,0.483660130718954,1563.0,0.600922722029988,461.0,462.0,460.0,0.483660130718954,0.117262591311034,0.399077277970012
40,01613090114421,94580.0,71177,81917,Alameda,,KIPP King Collegiate High,Unified School District,High Schools (Public),9,12,528.0,528.0,249.0,0.471590909090909,378.0,0.715909090909091,482.0,475.0,478.0,0.471590909090909,0.24431818181818205,0.28409090909090895
41,01613090130849,94580.0,71177,81917,Alameda,,Arroyo High,Unified School District,High Schools (Public),9,12,1784.0,1784.0,666.0,0.373318385650224,873.0,0.489349775784753,489.0,521.0,479.0,0.373318385650224,0.11603139013452901,0.510650224215247
42,01613090137810,94580.0,71177,81917,Alameda,,San Lorenzo High,Unified School District,High Schools (Public),9,12,1407.0,1407.0,910.0,0.646766169154229,1073.0,0.762615493958778,423.0,447.0,426.0,0.646766169154229,0.11584932480454901,0.23738450604122197
43,01750930132704,94568.0,113616,129133,Alameda,,Dublin High,Unified School District,High Schools (Public),9,12,2062.0,2062.0,162.0,0.078564500484966,205.0,0.0994180407371484,534.0,565.0,533.0,0.078564500484966,0.020853540252182404,0.9005819592628516
44,01751010130096,94588.0,127684,147715,Alameda,,Foothill High,Unified School District,High Schools (Public),9,12,2127.0,2127.0,79.0,0.0371415138692995,109.0,0.0512458862247297,585.0,607.0,587.0,0.0371415138692995,0.014104372355430196,0.9487541137752703
45,01751010130583,94566.0,120401,146282,Alameda,,Amador Valley High,Unified School District,High Schools (Public),9,12,2612.0,2612.0,100.0,0.0382848392036753,143.0,0.0547473200612557,596.0,614.0,592.0,0.0382848392036753,0.016462480857580397,0.9452526799387443
46,03739810330753,95685.0,60648,84945,Amador,,Amador High,Unified School District,High Schools (Public),9,12,628.0,628.0,165.0,0.262738853503185,216.0,0.343949044585987,532.0,523.0,504.0,0.262738853503185,0.08121019108280203,0.656050955414013
47,03739810334755,95642.0,43981,60342,Amador,,Argonaut High,Unified School District,High Schools (Public),9,12,547.0,547.0,149.0,0.272394881170018,179.0,0.327239488117002,508.0,492.0,502.0,0.272394881170018,0.05484460694698401,0.672760511882998
48,04614240120394,95926.0,37296,57868,Butte,,Inspire School of Arts and Sciences,Unified School District,High Schools (Public),9,12,443.0,443.0,111.0,0.250564334085779,145.0,0.327313769751693,602.0,552.0,562.0,0.250564334085779,0.07674943566591402,0.672686230248307
49,04614240431676,95926.0,37296,57868,Butte,,Chico High,Unified School District,High Schools (Public),9,12,1769.0,1769.0,557.0,0.314867156585642,648.0,0.366308648954211,543.0,549.0,521.0,0.314867156585642,0.051441492368568986,0.633691351045789
50,04614240437558,95926.0,37296,57868,Butte,,Pleasant Valley High,Unified School District,High Schools (Public),9,12,1792.0,1792.0,481.0,0.268415178571429,573.0,0.319754464285714,526.0,555.0,508.0,0.268415178571429,0.05133928571428503,0.680245535714286
51,04614080430827,95917.0,44500,64524,Butte,,Biggs High,Unified School District,High Schools (Public),9,12,147.0,147.0,36.0,0.244897959183673,36.0,0.244897959183673,433.0,429.0,406.0,0.244897959183673,0.0,0.755102040816327
52,04614320433201,95938.0,60750,78977,Butte,,Durham High,Unified School District,High Schools (Public),9,12,294.0,294.0,65.0,0.22108843537415,103.0,0.350340136054422,498.0,484.0,472.0,0.22108843537415,0.129251700680272,0.649659863945578
53,04615150434803,95966.0,40775,54643,Butte,,Las Plumas High,High School District,High Schools (Public),9,12,1112.0,1112.0,612.0,0.550359712230216,694.0,0.62410071942446,511.0,522.0,489.0,0.550359712230216,0.07374100719424403,0.37589928057554
54,04615150435602,95966.0,40775,54643,Butte,,Oroville High,High School District,High Schools (Public),9,12,982.0,982.0,631.0,0.642566191446029,692.0,0.704684317718941,464.0,485.0,446.0,0.642566191446029,0.06211812627291202,0.295315682281059
55,04615310437350,95969.0,41982,58737,Butte,,Paradise Senior High,Unified School District,High Schools (Public),9,12,1106.0,1106.0,498.0,0.450271247739602,601.0,0.543399638336347,526.0,545.0,504.0,0.450271247739602,0.09312839059674499,0.45660036166365303
56,04755070433953,95948.0,44423,57916,Butte,,Gridley High,Unified School District,High Schools (Public),9,12,622.0,622.0,388.0,0.62379421221865,433.0,0.696141479099679,498.0,491.0,497.0,0.62379421221865,0.0723472668810291,0.30385852090032095
57,05615640531509,95249.0,41458,52752,Calaveras,,Calaveras High,Unified School District,High Schools (Public),9,12,956.0,956.0,312.0,0.326359832635983,385.0,0.402719665271967,513.0,503.0,485.0,0.326359832635983,0.076359832635984,0.597280334728033
58,06615980631259,95932.0,46453,64550,Colusa,,Colusa High,Unified School District,High Schools (Public),9,12,371.0,371.0,152.0,0.409703504043127,209.0,0.563342318059299,472.0,501.0,454.0,0.409703504043127,0.15363881401617202,0.436657681940701
59,06616140635250,95912.0,50764,63128,Colusa,,Pierce High,Unified School District,High Schools (Public),9,12,424.0,424.0,190.0,0.44811320754717,248.0,0.584905660377359,458.0,443.0,432.0,0.44811320754717,0.13679245283018904,0.415094339622641
60,07617960730275,94806.0,52173,64685,Contra Costa,,North Campus Continuation,Unified School District,Continuation High Schools,9,12,180.0,180.0,126.0,0.7,135.0,0.75,324.0,307.0,328.0,0.7,0.050000000000000044,0.25
61,07617960730291,94806.0,52173,64685,Contra Costa,,Middle College High,Unified School District,High Schools (Public),9,12,267.0,267.0,110.0,0.411985018726592,140.0,0.524344569288389,500.0,526.0,509.0,0.411985018726592,0.11235955056179703,0.475655430711611
62,07100740731380,94521.0,84819,101516,Contra Costa,,Clayton Valley Charter High,County Office of Education (COE),High Schools (Public),9,12,1973.0,1973.0,237.0,0.120121642169285,338.0,0.171312721743538,512.0,508.0,501.0,0.120121642169285,0.05119107957425301,0.828687278256462
63,07617540731836,94521.0,84819,101516,Contra Costa,,Concord High,Unified School District,High Schools (Public),9,12,1544.0,1544.0,578.0,0.374352331606218,746.0,0.483160621761658,491.0,505.0,488.0,0.374352331606218,0.10880829015544002,0.516839378238342
64,07616300730283,94549.0,137344,181992,Contra Costa,,Acalanes High,High School District,High Schools (Public),9,12,1396.0,1396.0,26.0,0.0186246418338109,37.0,0.0265042979942693,586.0,604.0,587.0,0.0186246418338109,0.007879656160458399,0.9734957020057307
65,07616300731125,94556.0,133088,172786,Contra Costa,,Campolindo High,High School District,High Schools (Public),9,12,1253.0,1253.0,19.0,0.0151636073423783,31.0,0.0247406225059856,603.0,617.0,616.0,0.0151636073423783,0.0095770151636073,0.9752593774940144
66,07616300733725,94596.0,78856,103959,Contra Costa,,Las Lomas High,High School District,High Schools (Public),9,12,1541.0,1541.0,124.0,0.0804672290720312,158.0,0.102530824140169,565.0,554.0,560.0,0.0804672290720312,0.022063595068137792,0.897469175859831
67,07616300734244,94563.0,166147,233460,Contra Costa,,Miramonte High,High School District,High Schools (Public),9,12,1155.0,1155.0,8.0,0.00692640692640693,17.0,0.0147186147186147,628.0,633.0,633.0,0.00692640692640693,0.0077922077922077705,0.9852813852813853
68,07616480117218,94531.0,88693,99194,Contra Costa,,Dozier-Libbey Medical High,Unified School District,Alternative Schools of Choice,9,12,652.0,652.0,273.0,0.418711656441718,351.0,0.538343558282209,496.0,485.0,495.0,0.418711656441718,0.11963190184049105,0.46165644171779097
69,07616480730465,94531.0,88693,99194,Contra Costa,,Deer Valley High,Unified School District,High Schools (Public),9,12,2659.0,2659.0,1189.0,0.447160586686724,1437.0,0.540428732606243,478.0,477.0,464.0,0.447160586686724,0.09326814591951904,0.459571267393757
70,07616480730861,94509.0,54372,68049,Contra Costa,,Antioch High,Unified School District,High Schools (Public),9,12,1774.0,1774.0,1066.0,0.600901916572717,1222.0,0.688838782412627,477.0,465.0,463.0,0.600901916572717,0.08793686583991,0.31116121758737303
71,07616970737023,94525.0,81667,93088,Contra Costa,,John Swett High,Unified School District,High Schools (Public),9,12,529.0,529.0,238.0,0.449905482041588,292.0,0.551984877126654,477.0,512.0,485.0,0.449905482041588,0.10207939508506603,0.448015122873346
72,07617210107797,94513.0,89607,103228,Contra Costa,,Heritage High,High School District,High Schools (Public),9,12,2503.0,2503.0,289.0,0.115461446264483,349.0,0.13943268078306,520.0,510.0,511.0,0.115461446264483,0.02397123451857701,0.86056731921694
73,07617210733980,94513.0,89607,103228,Contra Costa,,Liberty High,High School District,High Schools (Public),9,12,2520.0,2520.0,717.0,0.284523809523809,846.0,0.335714285714286,479.0,479.0,476.0,0.284523809523809,0.05119047619047701,0.6642857142857139
74,07617210730457,94561.0,77706,89900,Contra Costa,,Freedom High,High School District,High Schools (Public),9,12,2550.0,2550.0,739.0,0.289803921568627,910.0,0.356862745098039,470.0,455.0,464.0,0.289803921568627,0.067058823529412,0.6431372549019609
75,07617390730549,94553.0,76669,94815,Contra Costa,,Alhambra Senior High,Unified School District,High Schools (Public),9,12,1181.0,1181.0,202.0,0.171041490262489,275.0,0.232853513971211,518.0,543.0,523.0,0.171041490262489,0.06181202370872202,0.767146486028789
76,07617540730044,94598.0,121337,150504,Contra Costa,,Northgate High,Unified School District,High Schools (Public),9,12,1671.0,1671.0,121.0,0.0724117295032914,154.0,0.0921603830041891,568.0,586.0,566.0,0.0724117295032914,0.019748653500897703,0.907839616995811
77,07617540731646,94523.0,81685,105603,Contra Costa,,College Park High,Unified School District,High Schools (Public),9,12,2022.0,2022.0,370.0,0.182987141444115,472.0,0.233432245301681,540.0,558.0,527.0,0.182987141444115,0.05044510385756601,0.766567754698319
78,07617540734566,94520.0,47656,61093,Contra Costa,,Mt. Diablo High,Unified School District,High Schools (Public),9,12,1352.0,1352.0,892.0,0.659763313609468,1047.0,0.774408284023669,437.0,436.0,436.0,0.659763313609468,0.11464497041420096,0.225591715976331
79,07617540737809,94518.0,73040,89768,Contra Costa,,Ygnacio Valley High,Unified School District,High Schools (Public),9,12,1134.0,1134.0,753.0,0.664021164021164,857.0,0.755731922398589,458.0,455.0,451.0,0.664021164021164,0.09171075837742504,0.244268077601411
80,07617880735407,94565.0,55865,69930,Contra Costa,,Pittsburg Senior High,Unified School District,High Schools (Public),9,12,3061.0,3061.0,1750.0,0.571708591963411,2135.0,0.697484482195361,446.0,436.0,442.0,0.571708591963411,0.12577589023195002,0.30251551780463903
81,07617960101477,94801.0,38856,57718,Contra Costa,,Leadership Public Schools: Richmond,Unified School District,High Schools (Public),9,12,480.0,480.0,382.0,0.795833333333333,455.0,0.947916666666667,394.0,413.0,410.0,0.795833333333333,0.15208333333333401,0.05208333333333304
82,07617960733253,94801.0,38856,57718,Contra Costa,,Gompers (Samuel) Continuation,Unified School District,Continuation High Schools,9,12,261.0,261.0,164.0,0.628352490421456,178.0,0.681992337164751,314.0,289.0,312.0,0.628352490421456,0.05363984674329503,0.31800766283524895
83,07617960730598,94547.0,100204,111826,Contra Costa,,Hercules High,Unified School District,High Schools (Public),9,12,935.0,935.0,298.0,0.318716577540107,386.0,0.412834224598931,451.0,454.0,454.0,0.318716577540107,0.09411764705882397,0.5871657754010691
84,07617960732164,94803.0,76232,99060,Contra Costa,,De Anza Senior High,Unified School District,High Schools (Public),9,12,1263.0,1263.0,742.0,0.587490102929533,884.0,0.699920823436263,399.0,395.0,409.0,0.587490102929533,0.11243072050673009,0.30007917656373695
85,07617960732941,94530.0,87598,106078,Contra Costa,,El Cerrito Senior High,Unified School District,High Schools (Public),9,12,1364.0,1364.0,572.0,0.419354838709677,691.0,0.506598240469208,444.0,445.0,439.0,0.419354838709677,0.08724340175953099,0.493401759530792
86,07617960733659,94804.0,49541,64259,Contra Costa,,Kennedy High,Unified School District,High Schools (Public),9,12,865.0,865.0,640.0,0.739884393063584,687.0,0.794219653179191,346.0,345.0,348.0,0.739884393063584,0.054335260115606965,0.20578034682080903
87,07617960735902,94804.0,49541,64259,Contra Costa,,Richmond High,Unified School District,High Schools (Public),9,12,1486.0,1486.0,1218.0,0.819650067294751,1383.0,0.930686406460296,357.0,354.0,358.0,0.819650067294751,0.111036339165545,0.06931359353970401
88,07617960735316,94564.0,74283,93608,Contra Costa,,Pinole Valley High,Unified School District,High Schools (Public),9,12,1205.0,1205.0,564.0,0.46804979253112,685.0,0.568464730290456,426.0,417.0,422.0,0.46804979253112,0.10041493775933596,0.43153526970954403
89,07618040113118,94582.0,138371,163275,Contra Costa,,Dougherty Valley High,Unified School District,High Schools (Public),9,12,2645.0,2645.0,112.0,0.04234404536862,156.0,0.0589792060491493,604.0,651.0,613.0,0.04234404536862,0.016635160680529303,0.9410207939508507
90,07618040730051,94583.0,121948,136328,Contra Costa,,California High,Unified School District,High Schools (Public),9,12,2639.0,2639.0,78.0,0.0295566502463054,117.0,0.0443349753694581,576.0,606.0,571.0,0.0295566502463054,0.014778325123152702,0.9556650246305419
91,07618040734368,94526.0,128802,170639,Contra Costa,,Monte Vista High,Unified School District,High Schools (Public),9,12,2255.0,2255.0,31.0,0.0137472283813747,34.0,0.0150776053215078,566.0,591.0,566.0,0.0137472283813747,0.001330376940133101,0.9849223946784922
92,07618040736504,94526.0,128802,170639,Contra Costa,,San Ramon Valley High,Unified School District,High Schools (Public),9,12,2182.0,2182.0,31.0,0.0142071494042163,40.0,0.0183318056828598,574.0,587.0,567.0,0.0142071494042163,0.0041246562786435,0.9816681943171403
93,08618200833004,95531.0,41136,54394,Del Norte,,Del Norte High,Unified School District,High Schools (Public),9,12,904.0,904.0,431.0,0.476769911504425,488.0,0.539823008849558,476.0,510.0,464.0,0.476769911504425,0.06305309734513304,0.46017699115044197
94,09618530932756,95667.0,55710,76129,El Dorado,,El Dorado High,High School District,High Schools (Public),9,12,1288.0,1288.0,384.0,0.298136645962733,481.0,0.373447204968944,534.0,522.0,516.0,0.298136645962733,0.07531055900621103,0.626552795031056
95,09618530930081,95762.0,117700,141009,El Dorado,,Oak Ridge High,High School District,High Schools (Public),9,12,2389.0,2389.0,84.0,0.0351611552951026,118.0,0.0493930514859774,546.0,570.0,542.0,0.0351611552951026,0.014231896190874796,0.9506069485140226
96,09618530930164,95623.0,55878,72305,El Dorado,,Union Mine High,High School District,High Schools (Public),9,12,1002.0,1002.0,231.0,0.230538922155689,288.0,0.287425149700599,533.0,517.0,498.0,0.230538922155689,0.05688622754491002,0.7125748502994009
97,09618530936302,95682.0,77416,97841,El Dorado,,Ponderosa High,High School District,High Schools (Public),9,12,1818.0,1818.0,213.0,0.117161716171617,288.0,0.158415841584158,539.0,564.0,527.0,0.117161716171617,0.041254125412541004,0.841584158415842
98,09619030937805,96150.0,47500,62684,El Dorado,,South Tahoe High,Unified School District,High Schools (Public),9,12,984.0,984.0,420.0,0.426829268292683,541.0,0.54979674796748,503.0,502.0,488.0,0.426829268292683,0.12296747967479704,0.45020325203252
99,10621170113555,93730.0,120672,136685,Fresno,,Clovis North High,Unified School District,High Schools (Public),9,12,2343.0,2343.0,286.0,0.122065727699531,390.0,0.166453265044814,524.0,535.0,519.0,0.122065727699531,0.044387537345283,0.8335467349551859
100,10621171030196,93720.0,77092,91186,Fresno,,Clovis West High,Unified School District,High Schools (Public),9,12,2121.0,2121.0,569.0,0.268269684111268,686.0,0.323432343234323,508.0,526.0,507.0,0.268269684111268,0.05516265912305501,0.676567656765677
101,10621171030501,93611.0,77930,93406,Fresno,,Buchanan High,Unified School District,High Schools (Public),9,12,2601.0,2601.0,491.0,0.18877354863514,616.0,0.23683198769704,522.0,524.0,507.0,0.18877354863514,0.048058439061899993,0.76316801230296
102,10621171030683,93611.0,77930,93406,Fresno,,Clovis East High,Unified School District,High Schools (Public),9,12,2100.0,2100.0,749.0,0.356666666666667,922.0,0.439047619047619,467.0,471.0,455.0,0.356666666666667,0.082380952380952,0.560952380952381
103,10621171031053,93611.0,77930,93406,Fresno,,Clovis High,Unified School District,High Schools (Public),9,12,2973.0,2973.0,942.0,0.316851664984864,1153.0,0.387823747056845,484.0,492.0,477.0,0.316851664984864,0.07097208207198102,0.6121762529431549
104,10621251031376,93210.0,50290,65372,Fresno,,Coalinga High,Unified School District,High Schools (Public),9,12,1194.0,1194.0,675.0,0.565326633165829,763.0,0.639028475711893,465.0,446.0,455.0,0.565326633165829,0.07370184254606404,0.36097152428810697
105,10621581032150,93625.0,42250,68537,Fresno,,Fowler High,Unified School District,High Schools (Public),9,12,728.0,728.0,513.0,0.70467032967033,559.0,0.767857142857143,424.0,417.0,423.0,0.70467032967033,0.06318681318681296,0.23214285714285698
106,10621660108555,93703.0,28406,37194,Fresno,,Design Science Early College High,Unified School District,Alternative Schools of Choice,9,12,256.0,256.0,122.0,0.4765625,193.0,0.75390625,487.0,502.0,468.0,0.4765625,0.27734375,0.24609375
107,10621661034214,93703.0,28406,37194,Fresno,,McLane High,Unified School District,High Schools (Public),9,12,1805.0,1805.0,1306.0,0.723545706371191,1695.0,0.939058171745152,370.0,388.0,376.0,0.723545706371191,0.21551246537396107,0.06094182825484795
108,10621661030279,93704.0,48461,67622,Fresno,,Bullard High,Unified School District,High Schools (Public),9,12,2617.0,2617.0,938.0,0.358425678257547,1324.0,0.505922812380589,473.0,463.0,460.0,0.358425678257547,0.147497134123042,0.494077187619411
109,10621661032507,93704.0,48461,67622,Fresno,,Fresno High,Unified School District,High Schools (Public),9,12,2338.0,2338.0,1513.0,0.647134302822926,2048.0,0.875962360992301,424.0,428.0,416.0,0.647134302822926,0.2288280581693749,0.12403763900769904
110,10621661030295,93726.0,32471,42033,Fresno,,Erma Duncan Polytechnical High,Unified School District,High Schools (Public),9,12,988.0,988.0,630.0,0.637651821862348,879.0,0.889676113360324,396.0,418.0,389.0,0.637651821862348,0.252024291497976,0.11032388663967596
111,10621661030675,93727.0,46394,60353,Fresno,,Sunnyside High,Unified School District,High Schools (Public),9,12,2888.0,2888.0,1747.0,0.604916897506925,2455.0,0.850069252077562,403.0,411.0,399.0,0.604916897506925,0.245152354570637,0.149930747922438
112,10621661031897,93706.0,29197,42258,Fresno,,Edison High,Unified School District,High Schools (Public),9,12,2461.0,2461.0,1364.0,0.554246241365299,1854.0,0.753352295814709,471.0,470.0,458.0,0.554246241365299,0.19910605444940999,0.24664770418529103
113,10767781038306,93706.0,29197,42258,Fresno,,Washington High,Unified School District,High Schools (Public),9,12,1026.0,1026.0,799.0,0.778752436647174,872.0,0.84990253411306,392.0,396.0,394.0,0.778752436647174,0.07115009746588608,0.15009746588693995
114,10621661032911,93710.0,42844,59348,Fresno,,Herbert Hoover High,Unified School District,High Schools (Public),9,12,1876.0,1876.0,1087.0,0.579424307036247,1462.0,0.779317697228145,415.0,417.0,401.0,0.579424307036247,0.199893390191898,0.22068230277185497
115,10621661035831,93702.0,26031,34130,Fresno,,Roosevelt High,Unified School District,High Schools (Public),9,12,2177.0,2177.0,1542.0,0.70831419384474,1918.0,0.881028938906752,377.0,384.0,379.0,0.70831419384474,0.172714745062012,0.11897106109324795
116,10622571033695,93631.0,58381,75797,Fresno,,Kingsburg High,High School District,High Schools (Public),9,12,1131.0,1131.0,279.0,0.246684350132626,346.0,0.305923961096375,487.0,481.0,471.0,0.246684350132626,0.059239610963748995,0.694076038903625
117,10622650108092,93646.0,27914,40231,Fresno,,Orange Cove High,Unified School District,High Schools (Public),9,12,648.0,648.0,526.0,0.811728395061729,626.0,0.966049382716049,393.0,395.0,405.0,0.811728395061729,0.15432098765432,0.03395061728395099
118,10622651035310,93654.0,47882,61507,Fresno,,Reedley High,Unified School District,High Schools (Public),9,12,1817.0,1817.0,1087.0,0.598238855255916,1422.0,0.782608695652174,456.0,462.0,448.0,0.598238855255916,0.18436984039625792,0.21739130434782605
119,10623641034990,93648.0,32175,42888,Fresno,,Parlier High,Unified School District,High Schools (Public),9,12,822.0,822.0,527.0,0.641119221411192,807.0,0.981751824817518,387.0,398.0,386.0,0.641119221411192,0.34063260340632595,0.018248175182482007
120,10624141036094,93657.0,49785,62969,Fresno,,Sanger High,Unified School District,High Schools (Public),9,12,2734.0,2734.0,1849.0,0.67629846378932,2097.0,0.767008046817849,434.0,446.0,430.0,0.67629846378932,0.09070958302852894,0.23299195318215105
121,10624301036672,93662.0,43442,55535,Fresno,,Selma High,Unified School District,High Schools (Public),9,12,1719.0,1719.0,1057.0,0.614892379290285,1272.0,0.739965095986038,434.0,422.0,425.0,0.614892379290285,0.12507271669575304,0.260034904013962
122,10738091030121,93622.0,32125,46462,Fresno,,Firebaugh High,Unified School District,High Schools (Public),9,12,694.0,694.0,554.0,0.798270893371758,607.0,0.87463976945245,401.0,373.0,396.0,0.798270893371758,0.07636887608069198,0.12536023054754997
123,10739651030626,93722.0,54381,64965,Fresno,,Central High East Campus,Unified School District,High Schools (Public),9,12,4160.0,4160.0,1923.0,0.462259615384615,2130.0,0.512019230769231,451.0,449.0,449.0,0.462259615384615,0.04975961538461593,0.48798076923076905
124,10739991033430,93630.0,42303,54242,Fresno,,Kerman High,Unified School District,High Schools (Public),9,12,1313.0,1313.0,978.0,0.744859101294745,1140.0,0.868240670220868,434.0,426.0,425.0,0.744859101294745,0.12338156892612306,0.13175932977913196
125,10751271030493,93640.0,25741,31519,Fresno,,Mendota High,Unified School District,High Schools (Public),9,12,818.0,818.0,771.0,0.942542787286064,802.0,0.980440097799511,385.0,395.0,378.0,0.942542787286064,0.037897310513447025,0.019559902200488977
126,10752341037456,93668.0,38665,38925,Fresno,,Tranquillity High,Unified School District,High Schools (Public),9,12,452.0,452.0,334.0,0.738938053097345,372.0,0.823008849557522,375.0,402.0,386.0,0.738938053097345,0.08407079646017701,0.17699115044247804
127,10752751036938,93667.0,53385,69433,Fresno,,Sierra High,Unified School District,High Schools (Public),9,12,474.0,474.0,121.0,0.255274261603375,151.0,0.318565400843882,522.0,500.0,501.0,0.255274261603375,0.063291139240507,0.6814345991561179
128,10754081035575,93656.0,45485,53824,Fresno,,Riverdale High,Unified School District,High Schools (Public),9,12,560.0,560.0,390.0,0.696428571428571,460.0,0.821428571428571,422.0,424.0,429.0,0.696428571428571,0.125,0.17857142857142905
129,10755981030535,93609.0,43322,54487,Fresno,,Caruthers High,Unified School District,High Schools (Public),9,12,575.0,575.0,450.0,0.782608695652174,503.0,0.874782608695652,413.0,422.0,397.0,0.782608695652174,0.0921739130434781,0.12521739130434795
130,11626611132851,95988.0,48443,71774,Glenn,,Willows High,Unified School District,High Schools (Public),9,12,434.0,434.0,198.0,0.456221198156682,242.0,0.557603686635945,459.0,473.0,468.0,0.456221198156682,0.10138248847926296,0.44239631336405505
131,11754811135656,95963.0,39485,54363,Glenn,,Orland High,Unified School District,High Schools (Public),9,12,719.0,719.0,421.0,0.585535465924896,496.0,0.689847009735744,498.0,480.0,480.0,0.585535465924896,0.10431154381084795,0.310152990264256
132,11765621133701,95951.0,37500,51563,Glenn,,Hamilton High,Unified School District,High Schools (Public),9,12,293.0,293.0,129.0,0.440273037542662,189.0,0.645051194539249,456.0,465.0,466.0,0.440273037542662,0.20477815699658697,0.354948805460751
133,12101240115097,95521.0,32711,49943,Humboldt,,Northcoast Preparatory and Performing Arts Academy,County Office of Education (COE),High Schools (Public),9,12,139.0,139.0,47.0,0.338129496402878,47.0,0.338129496402878,620.0,534.0,579.0,0.338129496402878,0.0,0.661870503597122
134,12626870107110,95521.0,32711,49943,Humboldt,,Six Rivers Charter High,High School District,High Schools (Public),9,12,101.0,101.0,29.0,0.287128712871287,38.0,0.376237623762376,531.0,528.0,472.0,0.287128712871287,0.08910891089108902,0.623762376237624
135,12626871230705,95521.0,32711,49943,Humboldt,,Arcata High,High School District,High Schools (Public),9,12,830.0,830.0,199.0,0.239759036144578,230.0,0.27710843373494,574.0,555.0,540.0,0.239759036144578,0.03734939759036199,0.72289156626506
136,12626871235209,95519.0,50051,64072,Humboldt,,McKinleyville High,High School District,High Schools (Public),9,12,603.0,603.0,163.0,0.270315091210614,185.0,0.306799336650083,501.0,500.0,486.0,0.270315091210614,0.03648424543946904,0.693200663349917
137,12628100108688,95501.0,38175,49159,Humboldt,,Academy of the Redwoods,High School District,Alternative Schools of Choice,9,12,174.0,174.0,43.0,0.247126436781609,64.0,0.367816091954023,577.0,542.0,524.0,0.247126436781609,0.12068965517241398,0.632183908045977
138,12755151232206,95501.0,38175,49159,Humboldt,,Eureka Senior High,Unified School District,High Schools (Public),9,12,1073.0,1073.0,387.0,0.36067101584343,477.0,0.444547996272134,517.0,523.0,502.0,0.36067101584343,0.083876980428704,0.5554520037278661
139,12628101233402,95540.0,42655,58382,Humboldt,,Fortuna Union High,High School District,High Schools (Public),9,12,825.0,825.0,315.0,0.381818181818182,396.0,0.48,491.0,493.0,480.0,0.381818181818182,0.09818181818181798,0.52
140,12629011234004,95546.0,26281,45581,Humboldt,,Hoopa Valley High,Unified School District,High Schools (Public),9,12,249.0,249.0,147.0,0.590361445783133,195.0,0.783132530120482,470.0,440.0,442.0,0.590361445783133,0.19277108433734902,0.216867469879518
141,12630401237007,95553.0,41393,56559,Humboldt,,South Fork Junior - Senior High,Unified School District,High Schools (Public),9,12,195.0,195.0,69.0,0.353846153846154,87.0,0.446153846153846,544.0,509.0,499.0,0.353846153846154,0.09230769230769204,0.553846153846154
142,12753741232909,95536.0,50227,72158,Humboldt,,Ferndale High,Unified School District,High Schools (Public),9,12,147.0,147.0,41.0,0.27891156462585,50.0,0.340136054421769,507.0,520.0,511.0,0.27891156462585,0.06122448979591899,0.659863945578231
143,13630811331404,92227.0,42711,57536,Imperial,,Brawley High,High School District,High Schools (Public),9,12,1677.0,1677.0,1086.0,0.647584973166369,1236.0,0.737030411449016,452.0,451.0,442.0,0.647584973166369,0.08944543828264706,0.26296958855098396
144,13630991332204,92231.0,34733,48548,Imperial,,Calexico High,Unified School District,High Schools (Public),9,12,2981.0,2981.0,2700.0,0.905736330090574,2979.0,0.999329084199933,431.0,432.0,425.0,0.905736330090574,0.09359275410935908,0.0006709158000669513
145,13631071332501,92233.0,32328,48181,Imperial,,Calipatria High,Unified School District,High Schools (Public),9,12,364.0,364.0,248.0,0.681318681318681,279.0,0.766483516483517,464.0,453.0,446.0,0.681318681318681,0.08516483516483597,0.23351648351648302
146,13631151330133,92243.0,42206,59479,Imperial,,Southwest High,High School District,High Schools (Public),9,12,2057.0,2057.0,1253.0,0.609139523578026,1415.0,0.687894992707827,476.0,482.0,468.0,0.609139523578026,0.07875546912980091,0.31210500729217305
147,13631151333004,92243.0,42206,59479,Imperial,,Central Union High,High School District,High Schools (Public),9,12,1871.0,1871.0,1268.0,0.677712453233565,1430.0,0.764297167290219,468.0,486.0,464.0,0.677712453233565,0.08658471405665402,0.23570283270978098
148,13631491335306,92250.0,43264,58887,Imperial,,Holtville High,Unified School District,High Schools (Public),9,12,541.0,541.0,285.0,0.526802218114603,330.0,0.609981515711645,441.0,451.0,434.0,0.526802218114603,0.08317929759704201,0.39001848428835495
149,13631641335900,92251.0,76526,81488,Imperial,,Imperial High,Unified School District,High Schools (Public),9,12,1130.0,1130.0,314.0,0.27787610619469,417.0,0.369026548672566,495.0,494.0,474.0,0.27787610619469,0.09115044247787601,0.630973451327434
150,14766871431600,93514.0,51250,64141,Inyo,,Bishop Union High,Unified School District,High Schools (Public),9,12,612.0,612.0,186.0,0.303921568627451,233.0,0.380718954248366,494.0,506.0,476.0,0.303921568627451,0.07679738562091498,0.619281045751634
151,15634120100529,93215.0,36321,47762,Kern,,Cesar E. Chavez High,High School District,High Schools (Public),9,12,1368.0,1368.0,875.0,0.639619883040936,1121.0,0.819444444444444,439.0,463.0,439.0,0.639619883040936,0.179824561403508,0.18055555555555602
152,15634120116384,93215.0,36321,47762,Kern,,Robert F. Kennedy High,High School District,High Schools (Public),9,12,1046.0,1046.0,772.0,0.738049713193117,953.0,0.911089866156788,443.0,449.0,449.0,0.738049713193117,0.17304015296367103,0.088910133843212
153,15634121531672,93215.0,36321,47762,Kern,,Delano High,High School District,High Schools (Public),9,12,1664.0,1664.0,1150.0,0.691105769230769,1424.0,0.855769230769231,436.0,453.0,422.0,0.691105769230769,0.1646634615384619,0.14423076923076905
154,15635291530708,93301.0,30963,47699,Kern,,Bakersfield High,High School District,High Schools (Public),9,12,2790.0,2790.0,1610.0,0.577060931899642,1791.0,0.641935483870968,486.0,492.0,457.0,0.577060931899642,0.06487455197132597,0.358064516129032
155,15635290100198,93307.0,34358,44473,Kern,,Golden Valley High,High School District,High Schools (Public),9,12,2418.0,2418.0,1649.0,0.681968569065343,1911.0,0.790322580645161,431.0,425.0,424.0,0.681968569065343,0.10835401157981805,0.20967741935483897
156,15635290116400,93307.0,34358,44473,Kern,,Mira Monte High,High School District,High Schools (Public),9,12,2004.0,2004.0,1633.0,0.814870259481038,1787.0,0.891716566866267,398.0,406.0,403.0,0.814870259481038,0.07684630738522902,0.10828343313373301
157,15635290110999,93314.0,96446,119302,Kern,,Frontier High,High School District,High Schools (Public),9,12,2324.0,2324.0,402.0,0.172977624784854,549.0,0.236230636833046,486.0,503.0,475.0,0.172977624784854,0.06325301204819198,0.763769363166954
158,15635290116392,93311.0,87720,109372,Kern,,Independence High,High School District,High Schools (Public),9,12,2048.0,2048.0,761.0,0.37158203125,1015.0,0.49560546875,471.0,473.0,463.0,0.37158203125,0.1240234375,0.50439453125
159,15635291530344,93311.0,87720,109372,Kern,,Stockdale High,High School District,High Schools (Public),9,12,2087.0,2087.0,476.0,0.228078581696215,649.0,0.310972688068999,524.0,548.0,520.0,0.228078581696215,0.08289410637278402,0.689027311931001
160,15635291530252,93203.0,35429,43044,Kern,,Arvin High,High School District,High Schools (Public),9,12,2473.0,2473.0,1830.0,0.739991912656692,2099.0,0.848766680145572,420.0,424.0,417.0,0.739991912656692,0.10877476748888004,0.151233319854428
161,15635291530369,93312.0,93588,107382,Kern,,Centennial High,High School District,High Schools (Public),9,12,1969.0,1969.0,349.0,0.177247333671915,451.0,0.229050279329609,509.0,519.0,489.0,0.177247333671915,0.051802945657694,0.770949720670391
162,15635291530476,93312.0,93588,107382,Kern,,Liberty High,High School District,High Schools (Public),9,12,1926.0,1926.0,268.0,0.139148494288681,336.0,0.174454828660436,517.0,531.0,501.0,0.139148494288681,0.03530633437175498,0.8255451713395641
163,15635291530385,93313.0,64803,73818,Kern,,Ridgeview High,High School District,High Schools (Public),9,12,2278.0,2278.0,1275.0,0.559701492537313,1569.0,0.688762071992976,436.0,443.0,421.0,0.559701492537313,0.12906057945566296,0.311237928007024
164,15635291532290,93306.0,52203,69249,Kern,,East Bakersfield High,High School District,High Schools (Public),9,12,2114.0,2114.0,1580.0,0.747398297067171,1739.0,0.822611163670766,425.0,429.0,435.0,0.747398297067171,0.07521286660359505,0.17738883632923397
165,15635291532605,93306.0,52203,69249,Kern,,Foothill High,High School District,High Schools (Public),9,12,1857.0,1857.0,1358.0,0.731287022078621,1529.0,0.823371028540657,415.0,436.0,410.0,0.731287022078621,0.09208400646203607,0.17662897145934298
166,15635291533330,93306.0,52203,69249,Kern,,Highland High,High School District,High Schools (Public),9,12,1966.0,1966.0,1049.0,0.533570701932859,1232.0,0.626653102746694,470.0,454.0,445.0,0.533570701932859,0.0930824008138349,0.37334689725330605
167,15635291533538,93240.0,26054,44656,Kern,,Kern Valley High,High School District,High Schools (Public),9,12,469.0,469.0,236.0,0.50319829424307,281.0,0.599147121535181,482.0,464.0,467.0,0.50319829424307,0.09594882729211096,0.400852878464819
168,15635291534775,93308.0,41737,61034,Kern,,North High,High School District,High Schools (Public),9,12,1585.0,1585.0,996.0,0.628391167192429,1135.0,0.71608832807571,467.0,460.0,443.0,0.628391167192429,0.08769716088328094,0.28391167192429
169,15635291535087,93263.0,40833,54530,Kern,,Shafter High,High School District,High Schools (Public),9,12,1440.0,1440.0,951.0,0.660416666666667,1095.0,0.760416666666667,442.0,464.0,440.0,0.660416666666667,0.09999999999999998,0.23958333333333304
170,15635291535392,93304.0,35150,46618,Kern,,South High,High School District,High Schools (Public),9,12,1967.0,1967.0,1558.0,0.792069140823589,1761.0,0.895271987798678,417.0,420.0,400.0,0.792069140823589,0.10320284697508897,0.104728012201322
171,15635291536606,93309.0,47369,62256,Kern,,West High,High School District,High Schools (Public),9,12,2124.0,2124.0,1481.0,0.697269303201507,1672.0,0.787193973634652,450.0,455.0,432.0,0.697269303201507,0.089924670433145,0.21280602636534796
172,15636770114512,93505.0,57731,63190,Kern,,California City High,Unified School District,High Schools (Public),9,12,508.0,508.0,325.0,0.639763779527559,350.0,0.688976377952756,445.0,431.0,424.0,0.639763779527559,0.049212598425196985,0.311023622047244
173,15637761534957,93560.0,56875,66162,Kern,,Rosamond High,Unified School District,High Schools (Public),9,12,769.0,769.0,572.0,0.743823146944083,636.0,0.82704811443433,465.0,471.0,463.0,0.743823146944083,0.08322496749024699,0.17295188556566998
174,15638181535905,93268.0,46615,60839,Kern,,Taft Union High,High School District,High Schools (Public),9,12,985.0,985.0,457.0,0.463959390862944,544.0,0.552284263959391,464.0,471.0,452.0,0.463959390862944,0.08832487309644699,0.447715736040609
175,15638261536135,93561.0,60513,72505,Kern,,Tehachapi High,Unified School District,High Schools (Public),9,12,1237.0,1237.0,299.0,0.241713823767179,367.0,0.296685529506871,528.0,518.0,501.0,0.241713823767179,0.054971705739691984,0.703314470493129
176,15638591536440,93280.0,39206,47859,Kern,,Wasco High,High School District,High Schools (Public),9,12,1606.0,1606.0,1039.0,0.64694894146949,1214.0,0.755915317559153,432.0,448.0,433.0,0.64694894146949,0.10896637608966298,0.24408468244084702
177,15737421531367,93555.0,62533,73073,Kern,,Burroughs High,Unified School District,High Schools (Public),9,12,1397.0,1397.0,426.0,0.304939155332856,538.0,0.385110952040086,518.0,536.0,514.0,0.304939155332856,0.08017179670723001,0.6148890479599141
178,15739081534155,93250.0,34961,41705,Kern,,McFarland High,Unified School District,High Schools (Public),9,12,828.0,828.0,556.0,0.671497584541063,663.0,0.800724637681159,407.0,420.0,394.0,0.671497584541063,0.12922705314009597,0.19927536231884102
179,15751681530401,93243.0,60724,55941,Kern,,Frazier Mountain High,Unified School District,High Schools (Public),9,12,297.0,297.0,108.0,0.363636363636364,124.0,0.417508417508418,473.0,469.0,443.0,0.363636363636364,0.053872053872054015,0.582491582491582
180,16638911632207,93212.0,34565,44866,Kings,,Corcoran High,Unified School District,High Schools (Public),9,12,849.0,849.0,673.0,0.792697290930506,760.0,0.895170789163722,443.0,446.0,431.0,0.792697290930506,0.10247349823321594,0.10482921083627805
181,16639250118919,93230.0,53008,69056,Kings,,Sierra Pacific High,High School District,High Schools (Public),9,12,776.0,776.0,355.0,0.457474226804124,410.0,0.528350515463918,481.0,483.0,464.0,0.457474226804124,0.070876288659794,0.471649484536082
182,16639251630169,93230.0,53008,69056,Kings,,Hanford West High,High School District,High Schools (Public),9,12,1379.0,1379.0,657.0,0.47643219724438,761.0,0.551849166062364,448.0,454.0,450.0,0.47643219724438,0.07541696881798399,0.448150833937636
183,16639251634401,93230.0,53008,69056,Kings,,Hanford High,High School District,High Schools (Public),9,12,1490.0,1490.0,780.0,0.523489932885906,910.0,0.610738255033557,460.0,449.0,436.0,0.523489932885906,0.0872483221476511,0.38926174496644295
184,16639820110205,93245.0,51280,68534,Kings,,Lemoore Middle College High,High School District,High Schools (Public),9,12,252.0,252.0,48.0,0.19047619047619,66.0,0.261904761904762,485.0,468.0,464.0,0.19047619047619,0.07142857142857198,0.738095238095238
185,16639821635606,93245.0,51280,68534,Kings,,Lemoore High,High School District,High Schools (Public),9,12,2011.0,2011.0,689.0,0.342615614122327,841.0,0.418199900546992,470.0,468.0,459.0,0.342615614122327,0.07558428642466503,0.5818000994530079
186,16739321630953,93204.0,29302,37227,Kings,,Avenal High,Unified School District,High Schools (Public),9,12,663.0,663.0,546.0,0.823529411764706,546.0,0.823529411764706,376.0,357.0,372.0,0.823529411764706,0.0,0.17647058823529405
187,17640141734359,95451.0,45392,58782,Lake,,Kelseyville High,Unified School District,High Schools (Public),9,12,543.0,543.0,331.0,0.609576427255985,386.0,0.710865561694291,500.0,468.0,491.0,0.609576427255985,0.101289134438306,0.28913443830570895
188,17640221735000,95457.0,42829,53656,Lake,,Lower Lake High,Unified School District,High Schools (Public),9,12,754.0,754.0,536.0,0.710875331564987,582.0,0.771883289124668,463.0,457.0,459.0,0.710875331564987,0.061007957559681025,0.22811671087533203
189,17640301732304,95453.0,45299,60817,Lake,,Clear Lake High,Unified School District,High Schools (Public),9,12,427.0,427.0,158.0,0.370023419203747,201.0,0.470725995316159,500.0,511.0,497.0,0.370023419203747,0.10070257611241201,0.529274004683841
190,17640551736008,95461.0,52143,65383,Lake,,Middletown High,Unified School District,High Schools (Public),9,12,439.0,439.0,146.0,0.332574031890661,177.0,0.403189066059226,507.0,518.0,489.0,0.332574031890661,0.07061503416856502,0.596810933940774
191,18641391833805,96130.0,54527,64628,Lassen,,Lassen High,High School District,High Schools (Public),9,12,865.0,865.0,164.0,0.189595375722543,219.0,0.253179190751445,492.0,507.0,484.0,0.189595375722543,0.06358381502890201,0.746820809248555
192,19101990109942,90042.0,51427,65518,Los Angeles,,Los Angeles International Charter High,County Office of Education (COE),High Schools (Public),9,12,256.0,256.0,155.0,0.60546875,200.0,0.78125,401.0,420.0,428.0,0.60546875,0.17578125,0.21875
193,19101991933399,90032.0,45208,57413,Los Angeles,,L.A. County High School for the Arts,County Office of Education (COE),Opportunity Schools,9,12,652.0,652.0,23.0,0.0352760736196319,30.0,0.0460122699386503,565.0,509.0,570.0,0.0352760736196319,0.010736196319018398,0.9539877300613497
194,19647330111658,90032.0,45208,57413,Los Angeles,,Alliance Marc & Eva Stern Math and Science,Unified School District,High Schools (Public),9,12,613.0,613.0,447.0,0.729200652528548,548.0,0.893964110929853,426.0,433.0,439.0,0.729200652528548,0.1647634584013049,0.10603588907014705
195,19101991995869,91768.0,47177,58666,Los Angeles,,International Polytechnic High,County Office of Education (COE),High Schools (Public),9,12,547.0,547.0,92.0,0.16819012797075,132.0,0.241316270566728,508.0,519.0,495.0,0.16819012797075,0.073126142595978,0.758683729433272
196,19101991996008,90004.0,38493,70614,Los Angeles,,Soledad Enrichment Action Charter High,County Office of Education (COE),County Community,9,12,1049.0,1049.0,870.0,0.829361296472831,872.0,0.831267874165872,338.0,305.0,335.0,0.829361296472831,0.0019065776930410339,0.168732125834128
197,19647330100800,90004.0,38493,70614,Los Angeles,,Central City Value,Unified School District,High Schools (Public),9,12,470.0,470.0,372.0,0.791489361702128,433.0,0.921276595744681,399.0,395.0,404.0,0.791489361702128,0.129787234042553,0.07872340425531899
198,19642121930056,90703.0,90613,111018,Los Angeles,,Cerritos High,Unified School District,High Schools (Public),9,12,2176.0,2176.0,354.0,0.162683823529412,563.0,0.258731617647059,535.0,587.0,546.0,0.162683823529412,0.096047794117647,0.741268382352941
199,19642121933159,90703.0,90613,111018,Los Angeles,,Gahr (Richard) High,Unified School District,High Schools (Public),9,12,1998.0,1998.0,757.0,0.378878878878879,986.0,0.493493493493494,485.0,509.0,477.0,0.378878878878879,0.11461461461461497,0.506506506506506
200,19642121930361,90715.0,64701,76740,Los Angeles,,Artesia High,Unified School District,High Schools (Public),9,12,1568.0,1568.0,1024.0,0.653061224489796,1169.0,0.745535714285714,453.0,466.0,450.0,0.653061224489796,0.09247448979591799,0.25446428571428603
201,19642460100081,93552.0,56738,65658,Los Angeles,,William J. (Pete) Knight High,High School District,High Schools (Public),9,12,3064.0,3064.0,1728.0,0.563968668407311,2128.0,0.694516971279373,441.0,435.0,442.0,0.563968668407311,0.13054830287206198,0.30548302872062705
202,19642460108407,93535.0,42835,52895,Los Angeles,,Eastside High,High School District,High Schools (Public),9,12,2304.0,2304.0,1555.0,0.674913194444444,1759.0,0.763454861111111,420.0,408.0,409.0,0.674913194444444,0.08854166666666707,0.23654513888888895
203,19642461930213,93535.0,42835,52895,Los Angeles,,Antelope Valley High,High School District,High Schools (Public),9,12,1718.0,1718.0,1205.0,0.70139697322468,1324.0,0.770663562281723,412.0,400.0,405.0,0.70139697322468,0.06926658905704297,0.22933643771827705
204,19642460111872,93536.0,70724,83249,Los Angeles,,SOAR High (Students On Academic Rise),High School District,Alternative Schools of Choice,9,12,409.0,409.0,164.0,0.400977995110025,234.0,0.572127139364303,517.0,513.0,496.0,0.400977995110025,0.17114914425427802,0.42787286063569696
205,19642461937051,93536.0,70724,83249,Los Angeles,,Quartz Hill High,High School District,High Schools (Public),9,12,3133.0,3133.0,805.0,0.256942227896585,1000.0,0.319182891797,499.0,494.0,486.0,0.256942227896585,0.062240663900414994,0.680817108203
206,19642461995844,93536.0,70724,83249,Los Angeles,,Lancaster High,High School District,High Schools (Public),9,12,2363.0,2363.0,1115.0,0.47185780787135,1343.0,0.568345323741007,470.0,462.0,449.0,0.47185780787135,0.09648751586965698,0.431654676258993
207,19642461936624,93550.0,38502,50551,Los Angeles,,Palmdale High,High School District,High Schools (Public),9,12,2835.0,2835.0,1758.0,0.62010582010582,2067.0,0.729100529100529,446.0,427.0,433.0,0.62010582010582,0.10899470899470898,0.270899470899471
208,19642461995398,93551.0,85200,97976,Los Angeles,,Highland High,High School District,High Schools (Public),9,12,2998.0,2998.0,1309.0,0.436624416277518,1633.0,0.54469646430954,471.0,460.0,458.0,0.436624416277518,0.10807204803202197,0.45530353569046
209,19642461995406,93543.0,57588,65960,Los Angeles,,Littlerock High,High School District,High Schools (Public),9,12,1543.0,1543.0,1072.0,0.694750486066105,1224.0,0.793259883344135,423.0,426.0,422.0,0.694750486066105,0.09850939727802999,0.206740116655865
210,19642611930288,91007.0,72255,96308,Los Angeles,,Arcadia High,Unified School District,High Schools (Public),9,12,3454.0,3454.0,430.0,0.124493341053851,654.0,0.189345686160973,578.0,635.0,592.0,0.124493341053851,0.064852345107122,0.810654313839027
211,19642791930528,91702.0,54769,67355,Los Angeles,,Azusa High,Unified School District,High Schools (Public),9,12,1393.0,1393.0,851.0,0.610911701363963,1033.0,0.741564967695621,440.0,445.0,431.0,0.610911701363963,0.13065326633165797,0.25843503230437903
212,19642791933449,91722.0,63740,76522,Los Angeles,,Gladstone High,Unified School District,High Schools (Public),9,12,1217.0,1217.0,803.0,0.659819227608874,965.0,0.792933442892358,445.0,432.0,434.0,0.659819227608874,0.133114215283484,0.207066557107642
213,19644361936418,91722.0,63740,76522,Los Angeles,,Northview High,Unified School District,High Schools (Public),9,12,1346.0,1346.0,738.0,0.548291233283804,936.0,0.695393759286776,433.0,431.0,426.0,0.548291233283804,0.14710252600297202,0.30460624071322395
214,19642871930601,91706.0,51234,61521,Los Angeles,,Baldwin Park High,Unified School District,High Schools (Public),9,12,1979.0,1979.0,1432.0,0.723597776654876,1722.0,0.870136432541688,459.0,473.0,446.0,0.723597776654876,0.14653865588681203,0.12986356745831196
215,19642871938166,91706.0,51234,61521,Los Angeles,,Sierra Vista High,Unified School District,High Schools (Public),9,12,2026.0,2026.0,1448.0,0.714708785784798,1779.0,0.878084896347483,454.0,463.0,448.0,0.714708785784798,0.16337611056268497,0.12191510365251701
216,19642951930700,91746.0,59502,68595,Los Angeles,,Bassett Senior High,Unified School District,High Schools (Public),9,12,1071.0,1071.0,867.0,0.80952380952381,952.0,0.888888888888889,427.0,436.0,431.0,0.80952380952381,0.07936507936507897,0.11111111111111105
217,19647251934678,90713.0,87095,97830,Los Angeles,,Lakewood High,Unified School District,High Schools (Public),9,12,3553.0,3553.0,1291.0,0.363354911342527,1754.0,0.493667323388686,469.0,469.0,454.0,0.363354911342527,0.130312412046159,0.506332676611314
218,19643111930981,90212.0,84516,139654,Los Angeles,,Beverly Hills High,Unified School District,High Schools (Public),9,12,1633.0,1633.0,93.0,0.0569503980404164,122.0,0.0747091243110839,574.0,589.0,588.0,0.0569503980404164,0.017758726270667498,0.9252908756889161
219,19643291931088,91750.0,76912,96564,Los Angeles,,Bonita High,Unified School District,High Schools (Public),9,12,1968.0,1968.0,390.0,0.198170731707317,533.0,0.270833333333333,495.0,500.0,500.0,0.198170731707317,0.07266260162601598,0.729166666666667
220,19643291937739,91773.0,78501,96825,Los Angeles,,San Dimas High,Unified School District,High Schools (Public),9,12,1363.0,1363.0,358.0,0.262655906089508,462.0,0.338958180484226,497.0,491.0,487.0,0.262655906089508,0.07630227439471798,0.661041819515774
221,19643371931187,91502.0,40208,53465,Los Angeles,,Burbank High,Unified School District,High Schools (Public),9,12,2606.0,2606.0,765.0,0.293553338449731,967.0,0.371066768994628,516.0,532.0,513.0,0.293553338449731,0.07751343054489696,0.628933231005372
222,19643371931237,91506.0,70408,88152,Los Angeles,,Burroughs High,Unified School District,High Schools (Public),9,12,2649.0,2649.0,592.0,0.223480558701397,817.0,0.308418271045678,519.0,521.0,509.0,0.223480558701397,0.08493771234428099,0.691581728954322
223,19643521933951,90250.0,45766,60157,Los Angeles,,Hawthorne High,High School District,High Schools (Public),9,12,2127.0,2127.0,1489.0,0.700047014574518,1705.0,0.801598495533615,412.0,405.0,420.0,0.700047014574518,0.10155148095909694,0.19840150446638505
224,19645920100354,90250.0,45766,60157,Los Angeles,,Hawthorne Math and Science Academy,Elementary School District,High Schools (Public),9,12,565.0,565.0,373.0,0.660176991150443,434.0,0.768141592920354,493.0,513.0,492.0,0.660176991150443,0.10796460176991096,0.231858407079646
225,19643521934926,90260.0,51769,63516,Los Angeles,,Lawndale High,High School District,High Schools (Public),9,12,2241.0,2241.0,1549.0,0.691209281570727,1956.0,0.872824631860776,428.0,429.0,423.0,0.691209281570727,0.18161535029004894,0.12717536813922403
226,19643521935048,90260.0,51769,63516,Los Angeles,,Leuzinger High,High School District,High Schools (Public),9,12,1804.0,1804.0,1337.0,0.741130820399113,1513.0,0.838691796008869,391.0,410.0,391.0,0.741130820399113,0.09756097560975596,0.161308203991131
227,19646911996438,90260.0,51769,63516,Los Angeles,,Environmental Charter High,Elementary School District,High Schools (Public),9,12,524.0,524.0,328.0,0.625954198473282,408.0,0.778625954198473,443.0,445.0,446.0,0.625954198473282,0.15267175572519098,0.22137404580152698
228,19643781931666,91724.0,75420,91842,Los Angeles,,Charter Oak High,Unified School District,High Schools (Public),9,12,1735.0,1735.0,630.0,0.363112391930836,816.0,0.470317002881844,470.0,485.0,466.0,0.363112391930836,0.10720461095100803,0.529682997118156
229,19643941931823,91711.0,89508,114404,Los Angeles,,Claremont High,Unified School District,High Schools (Public),9,12,2423.0,2423.0,531.0,0.219149814279818,746.0,0.307882789929839,517.0,525.0,519.0,0.219149814279818,0.08873297565002097,0.692117210070161
230,19644361932086,91723.0,60532,72538,Los Angeles,,Covina High,Unified School District,High Schools (Public),9,12,1337.0,1337.0,663.0,0.495886312640239,909.0,0.679880329094989,454.0,462.0,452.0,0.495886312640239,0.18399401645474994,0.32011967090501103
231,19644361938372,91723.0,60532,72538,Los Angeles,,South Hills High,Unified School District,High Schools (Public),9,12,1835.0,1835.0,735.0,0.400544959128065,973.0,0.530245231607629,488.0,499.0,476.0,0.400544959128065,0.12970027247956406,0.46975476839237096
232,19644441932201,90230.0,73786,97441,Los Angeles,,Culver City High,Unified School District,High Schools (Public),9,12,2092.0,2092.0,612.0,0.292543021032505,757.0,0.361854684512428,514.0,516.0,502.0,0.292543021032505,0.06931166347992301,0.638145315487572
233,19644511932441,90241.0,56059,70741,Los Angeles,,Downey High,Unified School District,High Schools (Public),9,12,4230.0,4230.0,1830.0,0.432624113475177,2583.0,0.61063829787234,464.0,456.0,454.0,0.432624113475177,0.17801418439716304,0.38936170212765997
234,19644511939164,90241.0,56059,70741,Los Angeles,,Warren High,Unified School District,High Schools (Public),9,12,3812.0,3812.0,1636.0,0.429171038824764,2391.0,0.627229800629591,467.0,473.0,458.0,0.429171038824764,0.198058761804827,0.372770199370409
235,19644691932482,91010.0,60118,74840,Los Angeles,,Duarte High,Unified School District,High Schools (Public),9,12,993.0,993.0,524.0,0.527693856998993,668.0,0.672708962739174,448.0,465.0,446.0,0.527693856998993,0.14501510574018106,0.327291037260826
236,19645191930320,91732.0,41485,55288,Los Angeles,,Arroyo High,High School District,High Schools (Public),9,12,2301.0,2301.0,1743.0,0.757496740547588,2027.0,0.880921338548457,455.0,483.0,457.0,0.757496740547588,0.12342459800086902,0.119078661451543
237,19645191932680,91732.0,41485,55288,Los Angeles,,Mountain View High,High School District,High Schools (Public),9,12,1477.0,1477.0,1308.0,0.885578876100203,1433.0,0.970209884901828,442.0,461.0,444.0,0.885578876100203,0.084631008801625,0.029790115098171976
238,19645191932664,91731.0,36955,48814,Los Angeles,,El Monte High,High School District,High Schools (Public),9,12,1869.0,1869.0,1639.0,0.876939539860888,1817.0,0.972177635098983,434.0,454.0,430.0,0.876939539860888,0.09523809523809501,0.02782236490101697
239,19645191937481,91770.0,47078,61584,Los Angeles,,Rosemead High,High School District,High Schools (Public),9,12,1827.0,1827.0,1252.0,0.685276409414341,1575.0,0.862068965517241,473.0,505.0,469.0,0.685276409414341,0.1767925561029,0.137931034482759
240,19645191995661,91733.0,40930,53519,Los Angeles,,South El Monte High,High School District,High Schools (Public),9,12,1425.0,1425.0,1217.0,0.854035087719298,1338.0,0.938947368421053,436.0,458.0,427.0,0.854035087719298,0.08491228070175494,0.061052631578947025
241,19645271932706,90660.0,56607,66651,Los Angeles,,El Rancho High,Unified School District,High Schools (Public),9,12,2772.0,2772.0,1723.0,0.621572871572872,2147.0,0.774531024531025,441.0,458.0,435.0,0.621572871572872,0.15295815295815296,0.22546897546897504
242,19645351932763,90245.0,84004,105321,Los Angeles,,El Segundo High,Unified School District,High Schools (Public),9,12,1269.0,1269.0,121.0,0.0953506698187549,169.0,0.13317572892041,523.0,518.0,513.0,0.0953506698187549,0.037825059101655095,0.86682427107959
243,19645681932144,91214.0,89849,107072,Los Angeles,,Crescenta Valley High,Unified School District,High Schools (Public),9,12,2693.0,2693.0,290.0,0.107686594875603,403.0,0.149647233568511,561.0,599.0,566.0,0.107686594875603,0.041960638692908,0.8503527664314889
244,19645681996131,91214.0,89849,107072,Los Angeles,,Anderson W. Clark Magnet High,Unified School District,High Schools (Public),9,12,1130.0,1130.0,466.0,0.412389380530973,626.0,0.553982300884956,523.0,580.0,539.0,0.412389380530973,0.14159292035398302,0.44601769911504396
245,19645681933530,91205.0,37414,51194,Los Angeles,,Glendale High,Unified School District,High Schools (Public),9,12,2582.0,2582.0,1470.0,0.569326103795507,1764.0,0.683191324554609,502.0,536.0,495.0,0.569326103795507,0.11386522075910199,0.31680867544539104
246,19645681934082,91202.0,63111,85914,Los Angeles,,Herbert Hoover High,Unified School District,High Schools (Public),9,12,1719.0,1719.0,944.0,0.549156486329261,1144.0,0.665503199534613,505.0,549.0,511.0,0.549156486329261,0.11634671320535206,0.334496800465387
247,19645761933597,91741.0,81250,109502,Los Angeles,,Glendora High,Unified School District,High Schools (Public),9,12,2597.0,2597.0,409.0,0.157489410858683,528.0,0.203311513284559,534.0,554.0,525.0,0.157489410858683,0.04582210242587598,0.796688486715441
248,19646341934231,90301.0,37813,47170,Los Angeles,,Inglewood High,Unified School District,High Schools (Public),9,12,1207.0,1207.0,713.0,0.590720795360398,760.0,0.629660314830157,387.0,389.0,394.0,0.590720795360398,0.03893951946975904,0.37033968516984295
249,19647091996313,90301.0,37813,47170,Los Angeles,,Animo Leadership High,Elementary School District,High Schools (Public),9,12,625.0,625.0,476.0,0.7616,576.0,0.9216,405.0,424.0,416.0,0.7616,0.15999999999999992,0.07840000000000003
250,19646341936046,90303.0,40807,54446,Los Angeles,,Morningside High,Unified School District,High Schools (Public),9,12,965.0,965.0,734.0,0.760621761658031,801.0,0.830051813471503,380.0,368.0,379.0,0.760621761658031,0.06943005181347206,0.16994818652849697
251,19646341996586,90305.0,62558,80812,Los Angeles,,Animo Inglewood Charter High,Unified School District,High Schools (Public),9,12,633.0,633.0,491.0,0.77567140600316,569.0,0.898894154818325,433.0,466.0,448.0,0.77567140600316,0.12322274881516504,0.10110584518167498
252,19646831930080,91301.0,109913,141169,Los Angeles,,Agoura High,Unified School District,High Schools (Public),9,12,2168.0,2168.0,130.0,0.0599630996309963,168.0,0.0774907749077491,571.0,576.0,573.0,0.0599630996309963,0.017527675276752794,0.9225092250922509
253,19646831931781,91302.0,121715,191348,Los Angeles,,Calabasas High,Unified School District,High Schools (Public),9,12,1824.0,1824.0,103.0,0.056469298245614,129.0,0.0707236842105263,545.0,547.0,554.0,0.056469298245614,0.014254385964912297,0.9292763157894737
254,19647090100602,90304.0,36778,46978,Los Angeles,,"Lennox Mathematics, Science and Technology Academy",Elementary School District,High Schools (Public),9,12,558.0,558.0,411.0,0.736559139784946,498.0,0.89247311827957,432.0,426.0,418.0,0.736559139784946,0.15591397849462396,0.10752688172043001
255,19647251934470,90805.0,45197,58488,Los Angeles,,Jordan High,Unified School District,High Schools (Public),9,12,3367.0,3367.0,2248.0,0.667656667656668,2657.0,0.789129789129789,392.0,397.0,389.0,0.667656667656668,0.12147312147312106,0.21087021087021096
256,19647251935758,90815.0,79525,97859,Los Angeles,,Millikan High,Unified School District,High Schools (Public),9,12,3753.0,3753.0,1441.0,0.383959499067413,1790.0,0.476951771915801,472.0,465.0,464.0,0.383959499067413,0.09299227284838801,0.523048228084199
257,19647251936947,90813.0,31215,42309,Los Angeles,,Polytechnic High,Unified School District,High Schools (Public),9,12,4464.0,4464.0,2163.0,0.484543010752688,2569.0,0.575492831541219,479.0,483.0,473.0,0.484543010752688,0.09094982078853098,0.424507168458781
258,19647251939875,90804.0,44629,56166,Los Angeles,,Wilson High,Unified School District,High Schools (Public),9,12,3944.0,3944.0,1874.0,0.475152129817444,2219.0,0.56262677484787,494.0,494.0,485.0,0.475152129817444,0.08747464503042607,0.43737322515212995
259,19647251995935,90810.0,49087,61717,Los Angeles,,Cabrillo High,Unified School District,High Schools (Public),9,12,2768.0,2768.0,1898.0,0.685693641618497,2224.0,0.803468208092486,405.0,408.0,388.0,0.685693641618497,0.11777456647398898,0.19653179190751402
260,19647251996503,90806.0,43785,58296,Los Angeles,,Renaissance High School for the Arts,Unified School District,Alternative Schools of Choice,9,12,490.0,490.0,234.0,0.477551020408163,280.0,0.571428571428571,506.0,459.0,483.0,0.477551020408163,0.09387755102040796,0.42857142857142905
261,19647330100677,91406.0,50381,65349,Los Angeles,,High Tech LA,Unified School District,High Schools (Public),9,12,375.0,375.0,136.0,0.362666666666667,190.0,0.506666666666667,525.0,542.0,508.0,0.362666666666667,0.14400000000000002,0.49333333333333296
262,19647330120360,91406.0,50381,65349,Los Angeles,,Daniel Pearl Journalism & Communications Magnet,Unified School District,High Schools (Public),9,12,402.0,402.0,186.0,0.462686567164179,243.0,0.604477611940299,489.0,462.0,470.0,0.462686567164179,0.14179104477612003,0.39552238805970097
263,19647330100750,90037.0,26638,36300,Los Angeles,,Wallis Annenberg High,Unified School District,High Schools (Public),9,12,472.0,472.0,413.0,0.875,447.0,0.947033898305085,414.0,424.0,416.0,0.875,0.072033898305085,0.052966101694915
264,19647330111492,90037.0,26638,36300,Los Angeles,,Alliance Patti And Peter Neuwirth Leadership Academy,Unified School District,High Schools (Public),9,12,655.0,655.0,592.0,0.90381679389313,638.0,0.974045801526718,378.0,397.0,386.0,0.90381679389313,0.07022900763358808,0.025954198473281953
265,19647330101196,90043.0,38738,61891,Los Angeles,,View Park Preparatory Accelerated High,Unified School District,High Schools (Public),9,12,690.0,690.0,331.0,0.479710144927536,398.0,0.576811594202899,385.0,374.0,382.0,0.479710144927536,0.09710144927536296,0.42318840579710104
266,19647330101659,90008.0,36180,54676,Los Angeles,,Crenshaw Arts-Technology Charter High,Unified School District,High Schools (Public),9,12,182.0,182.0,157.0,0.862637362637363,157.0,0.862637362637363,375.0,362.0,381.0,0.862637362637363,0.0,0.13736263736263699
267,19647330101675,90023.0,37082,44611,Los Angeles,,Oscar De La Hoya Animo Charter High,Unified School District,High Schools (Public),9,12,617.0,617.0,517.0,0.837925445705024,584.0,0.946515397082658,392.0,391.0,398.0,0.837925445705024,0.10858995137763394,0.05348460291734203
268,19647330109553,90041.0,64545,86376,Los Angeles,,PUC CA Academy for Liberal Studies Early College High,Unified School District,High Schools (Public),9,12,255.0,255.0,172.0,0.674509803921569,217.0,0.850980392156863,422.0,435.0,437.0,0.674509803921569,0.17647058823529405,0.14901960784313695
269,19647330102434,90047.0,40528,52939,Los Angeles,,Animo South Los Angeles Charter,Unified School District,High Schools (Public),9,12,617.0,617.0,491.0,0.795786061588331,566.0,0.917341977309562,387.0,372.0,376.0,0.795786061588331,0.12155591572123103,0.08265802269043798
270,19647330102913,90047.0,40528,52939,Los Angeles,,Middle College High,Unified School District,High Schools (Public),9,12,405.0,405.0,243.0,0.6,285.0,0.703703703703704,439.0,434.0,435.0,0.6,0.10370370370370408,0.29629629629629595
271,19647330117598,90047.0,40528,52939,Los Angeles,,Alliance Health Services Academy High,Unified School District,High Schools (Public),9,12,477.0,477.0,364.0,0.763102725366876,430.0,0.90146750524109,380.0,390.0,393.0,0.763102725366876,0.13836477987421403,0.09853249475891002
272,19647330106997,90007.0,22646,34786,Los Angeles,,Orthopaedic Hospital,Unified School District,Alternative Schools of Choice,9,12,824.0,824.0,793.0,0.962378640776699,800.0,0.970873786407767,448.0,449.0,444.0,0.962378640776699,0.008495145631068013,0.029126213592232997
273,19647330111583,90007.0,22646,34786,Los Angeles,,Animo Jackie Robinson High,Unified School District,High Schools (Public),9,12,604.0,604.0,543.0,0.899006622516556,589.0,0.975165562913907,381.0,398.0,377.0,0.899006622516556,0.07615894039735094,0.02483443708609301
274,19647330114850,90007.0,22646,34786,Los Angeles,,West Adams Preparatory High,Unified School District,High Schools (Public),9,12,1684.0,1684.0,1476.0,0.876484560570071,1485.0,0.881828978622328,391.0,405.0,385.0,0.876484560570071,0.0053444180522570495,0.11817102137767199
275,19647330102921,90744.0,41578,55904,Los Angeles,,Harbor Teacher Preparation Academy,Unified School District,High Schools (Public),9,12,437.0,437.0,210.0,0.480549199084668,268.0,0.613272311212815,510.0,538.0,509.0,0.480549199084668,0.13272311212814702,0.386727688787185
276,19647330106435,90026.0,46435,66991,Los Angeles,,Camino Nuevo Charter High,Unified School District,High Schools (Public),9,12,258.0,258.0,211.0,0.817829457364341,230.0,0.891472868217054,406.0,418.0,413.0,0.817829457364341,0.07364341085271298,0.10852713178294604
277,19647330111484,90026.0,46435,66991,Los Angeles,,New Village Girls Academy,Unified School District,High Schools (Public),9,12,128.0,128.0,113.0,0.8828125,121.0,0.9453125,370.0,320.0,374.0,0.8828125,0.0625,0.0546875
278,19647330117051,90026.0,46435,66991,Los Angeles,,Edward R. Roybal Learning Center,Unified School District,High Schools (Public),9,12,1214.0,1214.0,915.0,0.753706754530478,982.0,0.808896210873147,418.0,409.0,408.0,0.753706754530478,0.05518945634266903,0.191103789126853
279,19647330117754,90026.0,46435,66991,Los Angeles,,Belmont SH-LA Teacher Preparatory Academy,Unified School District,High Schools (Public),9,12,260.0,260.0,139.0,0.534615384615385,145.0,0.557692307692308,331.0,359.0,339.0,0.534615384615385,0.023076923076922995,0.44230769230769196
280,19647330106831,90291.0,81025,124459,Los Angeles,,Animo Venice Charter High,Unified School District,High Schools (Public),9,12,595.0,595.0,392.0,0.658823529411765,505.0,0.848739495798319,416.0,411.0,414.0,0.658823529411765,0.18991596638655395,0.15126050420168102
281,19647330106849,90001.0,34050,43105,Los Angeles,,Animo Pat Brown,Unified School District,High Schools (Public),9,12,612.0,612.0,558.0,0.911764705882353,598.0,0.977124183006536,386.0,412.0,377.0,0.911764705882353,0.065359477124183,0.02287581699346397
282,19647330107003,91325.0,57883,82249,Los Angeles,,Northridge Academy High,Unified School District,High Schools (Public),9,12,1081.0,1081.0,562.0,0.519888991674376,685.0,0.633672525439408,461.0,463.0,464.0,0.519888991674376,0.11378353376503203,0.366327474560592
283,19647330109454,90280.0,43526,53782,Los Angeles,,South East High,Unified School District,High Schools (Public),9,12,2262.0,2262.0,2059.0,0.91025641025641,2124.0,0.938992042440318,433.0,425.0,439.0,0.91025641025641,0.028735632183907955,0.061007957559682024
284,19647330107755,90731.0,49786,67014,Los Angeles,,Port of Los Angeles High,Unified School District,High Schools (Public),9,12,957.0,957.0,400.0,0.417972831765935,516.0,0.539184952978057,483.0,500.0,487.0,0.417972831765935,0.12121212121212199,0.460815047021943
285,19647330108878,91405.0,38162,53066,Los Angeles,,CHAMPS - Charter HS of Arts-Multimedia & Performing,Unified School District,High Schools (Public),9,12,876.0,876.0,242.0,0.276255707762557,399.0,0.455479452054795,501.0,464.0,497.0,0.276255707762557,0.17922374429223803,0.544520547945205
286,19647330108894,90003.0,30016,37946,Los Angeles,,Alliance Judy Ivie Burton Technology Academy High,Unified School District,High Schools (Public),9,12,605.0,605.0,518.0,0.856198347107438,585.0,0.966942148760331,391.0,413.0,408.0,0.856198347107438,0.11074380165289299,0.03305785123966898
287,19647330108936,90255.0,35985,45976,Los Angeles,,Alliance Collins Family College-Ready High,Unified School District,High Schools (Public),9,12,614.0,614.0,472.0,0.768729641693811,569.0,0.92671009771987,381.0,408.0,390.0,0.768729641693811,0.15798045602605904,0.07328990228012999
288,19647330109447,90011.0,29889,38184,Los Angeles,,Santee Education Complex,Unified School District,High Schools (Public),9,12,1816.0,1816.0,1611.0,0.887114537444934,1622.0,0.893171806167401,388.0,371.0,382.0,0.887114537444934,0.006057268722467035,0.106828193832599
289,19647330111575,90011.0,29889,38184,Los Angeles,,Animo Ralph Bunche High,Unified School District,High Schools (Public),9,12,610.0,610.0,568.0,0.931147540983607,600.0,0.983606557377049,361.0,385.0,387.0,0.931147540983607,0.05245901639344208,0.01639344262295095
290,19647330112862,90011.0,29889,38184,Los Angeles,,Student Empowerment Academy,Unified School District,High Schools (Public),9,12,282.0,282.0,252.0,0.893617021276596,265.0,0.939716312056738,360.0,370.0,372.0,0.893617021276596,0.046099290780141966,0.060283687943262
291,19647330109462,90270.0,36450,46262,Los Angeles,,Maywood Academy High,Unified School District,High Schools (Public),9,12,1322.0,1322.0,1206.0,0.912254160363086,1231.0,0.931164901664145,421.0,436.0,420.0,0.912254160363086,0.018910741301058964,0.068835098335855
292,19647330111500,90015.0,28953,57542,Los Angeles,,Alliance Dr. Olga Mohan High,Unified School District,High Schools (Public),9,12,458.0,458.0,394.0,0.860262008733625,444.0,0.96943231441048,390.0,422.0,407.0,0.860262008733625,0.10917030567685493,0.030567685589520055
293,19647330111625,90061.0,34566,42597,Los Angeles,,Animo Watts College Preparatory Academy,Unified School District,K-12 Schools (Public),9,12,538.0,538.0,478.0,0.888475836431227,518.0,0.962825278810409,371.0,359.0,362.0,0.888475836431227,0.07434944237918206,0.037174721189590976
294,19647330118588,90061.0,34566,42597,Los Angeles,,Alain Leroy Locke College Prep Academy,Unified School District,High Schools (Public),9,12,1838.0,1838.0,1635.0,0.889553862894451,1733.0,0.942872687704026,358.0,377.0,364.0,0.889553862894451,0.05331882480957495,0.05712731229597401
295,19647330112029,90017.0,21009,41525,Los Angeles,,School of Business and Tourism at Contreras Learning Complex,Unified School District,High Schools (Public),9,12,469.0,469.0,444.0,0.946695095948827,445.0,0.948827292110874,401.0,400.0,403.0,0.946695095948827,0.002132196162047073,0.05117270788912598
296,19647330112870,90017.0,21009,41525,Los Angeles,,Contreras Learning Center-Los Angeles School of Global Studies,Unified School District,High Schools (Public),9,12,370.0,370.0,355.0,0.95945945945946,358.0,0.967567567567568,386.0,397.0,378.0,0.95945945945946,0.008108108108108025,0.03243243243243199
297,19647330117721,90017.0,21009,41525,Los Angeles,,Contreras Learning Center-Academic Leadership Community,Unified School District,High Schools (Public),9,12,477.0,477.0,441.0,0.924528301886793,442.0,0.926624737945493,384.0,412.0,390.0,0.924528301886793,0.002096436058700024,0.07337526205450695
298,19647330112037,91601.0,47202,63079,Los Angeles,,East Valley Senior High,Unified School District,High Schools (Public),9,12,683.0,683.0,485.0,0.710102489019034,506.0,0.740849194729136,397.0,404.0,415.0,0.710102489019034,0.030746705710101963,0.259150805270864
299,19647330112045,91331.0,51345,59474,Los Angeles,,Arleta High,Unified School District,High Schools (Public),9,12,1513.0,1513.0,1345.0,0.888962326503635,1374.0,0.908129543952412,390.0,404.0,397.0,0.888962326503635,0.01916721744877692,0.09187045604758803
300,19647330115253,91331.0,51345,59474,Los Angeles,,Discovery Charter Preparatory No. 2,Unified School District,High Schools (Public),9,12,312.0,312.0,236.0,0.756410256410256,291.0,0.932692307692308,365.0,371.0,373.0,0.756410256410256,0.176282051282052,0.06730769230769196
301,19647330112052,91402.0,39009,50888,Los Angeles,,Panorama High,Unified School District,High Schools (Public),9,12,1383.0,1383.0,877.0,0.63412870571222,949.0,0.686189443239335,413.0,421.0,411.0,0.63412870571222,0.05206073752711493,0.31381055676066505
302,19647330112557,90018.0,32104,45033,Los Angeles,,Frederick Douglass Academy High,Unified School District,High Schools (Public),9,12,272.0,272.0,166.0,0.610294117647059,175.0,0.643382352941177,377.0,365.0,378.0,0.610294117647059,0.033088235294117974,0.35661764705882304
303,19647330116509,90063.0,39206,47620,Los Angeles,,Alliance Media Arts and Entertainment Design High,Unified School District,High Schools (Public),9,12,347.0,347.0,300.0,0.864553314121037,331.0,0.953890489913545,371.0,384.0,375.0,0.864553314121037,0.089337175792508,0.04610951008645503
304,19647330117069,90028.0,31742,46269,Los Angeles,,Helen Bernstein High,Unified School District,High Schools (Public),9,12,638.0,638.0,354.0,0.554858934169279,370.0,0.579937304075235,391.0,389.0,391.0,0.554858934169279,0.02507836990595602,0.420062695924765
305,19647330117606,90065.0,52794,75491,Los Angeles,,Alliance Environmental Science and Technology High,Unified School District,High Schools (Public),9,12,541.0,541.0,415.0,0.767097966728281,476.0,0.879852125693161,430.0,423.0,444.0,0.767097966728281,0.11275415896487995,0.12014787430683904
306,19647330117747,90005.0,31214,45746,Los Angeles,,RFK Community Schools-Los Angeles High School of the Arts,Unified School District,High Schools (Public),9,12,425.0,425.0,377.0,0.887058823529412,384.0,0.903529411764706,408.0,411.0,409.0,0.887058823529412,0.016470588235294015,0.09647058823529397
307,19647330117762,90005.0,31214,45746,Los Angeles,,RFK Community Schools- for the Visual Arts and Humanities,Unified School District,High Schools (Public),9,12,453.0,453.0,408.0,0.900662251655629,410.0,0.905077262693157,392.0,416.0,394.0,0.900662251655629,0.0044150110375280605,0.09492273730684297
308,19647330117911,90248.0,51956,67133,Los Angeles,,New Millennium Secondary,Unified School District,High Schools (Public),9,12,196.0,196.0,119.0,0.607142857142857,142.0,0.724489795918367,387.0,378.0,388.0,0.607142857142857,0.11734693877551006,0.27551020408163296
309,19647330119651,91352.0,49088,62920,Los Angeles,,Sun Valley High,Unified School District,High Schools (Public),9,12,568.0,568.0,397.0,0.698943661971831,398.0,0.700704225352113,391.0,408.0,385.0,0.698943661971831,0.0017605633802819654,0.29929577464788704
310,19647330119727,90012.0,29492,50578,Los Angeles,,Ramon C. Cortines School of Visual and Performing Arts,Unified School District,High Schools (Public),9,12,1647.0,1647.0,892.0,0.541590771098968,1015.0,0.616272009714633,451.0,434.0,446.0,0.541590771098968,0.074681238615665,0.38372799028536697
311,19647330119966,90033.0,27190,38191,Los Angeles,,Felicitas and Gonzalo Mendez High,Unified School District,High Schools (Public),9,12,792.0,792.0,675.0,0.852272727272727,685.0,0.86489898989899,390.0,396.0,382.0,0.852272727272727,0.012626262626262985,0.13510101010101006
